1,mail.ru
2,fedex.com
3,pixiv.net
4,gamepass.com
5,paloaltonetworks.com
6,comcast.com
7,hostgator.com
8,xerox.com
9,ups.com
10,cloudflare.net
11,constantcontact.com
12,googledomains.com
13,plesk.com
14,force.com
15,ups.com
16,mikrotik.com
17,nvidia.com
18,autodesk.com
19,imgsmail.ru
20,walmart.com
21,accuweather.com
22,wiley.com
23,riotgames.com
24,macys.com
25,tumblr.com
26,espn.com
27,freepik.com
28,coinmarketcap.com
29,lenovo.com
30,eventbrite.com
31,paloaltonetworks.com
32,economist.com
33,mail.ru
34,php.net
35,shutterstock.com
36,accuweather.com
37,xvideos.com
38,webmd.com
39,hostgator.com
40,bluekai.com
41,ted.com
42,appier.net
43,calendly.com
44,attn.tv
45,cnn.com
46,smartthings.com
47,ivi.ru
48,ea.com
49,espn.com
50,free.fr
51,comcast.net
52,imgsmail.ru
53,xboxlive.com
54,ieee.org
55,digicert.com
56,salesforceliveagent.com
57,chartbeat.net
58,cbc.ca
59,googledomains.com
60,smartthings.com
61,salesforce.com
62,thesun.co.uk
63,riotgames.com
64,worldbank.org
65,slideshare.net
66,attn.tv
67,coinmarketcap.com
68,entrust.net
69,apnews.com
70,disqus.com
71,udemy.com
72,xbox.com
73,miwifi.com
74,ft.com
75,xerox.com
76,udemy.com
77,pixiv.net
78,nic.ru
79,mayoclinic.org
80,autodesk.com
81,ieee.org
82,comcast.com
83,webmd.com
84,samsung.com
85,service-now.com
86,usda.gov
87,mayoclinic.org
88,sina.com.cn
89,disqus.com
90,goodreads.com
91,walmart.com
92,dreamhost.com
93,kickstarter.com
94,att.com
95,zoom.us
96,bestbuy.com
97,rakuten.co.jp
98,bbc.com
99,cloudflare.net
100,indiatimes.com
101,fedex.com
102,comcast.net
103,lowes.com
104,gamepass.com
105,loc.gov
106,force.com
107,economist.com
108,vmware.com
109,slideshare.net
110,usda.gov
111,schwab.com
112,ft.com
113,ea.com
114,sharethis.com
115,xnxx.com
116,vmware.com
117,tumblr.com
118,schwab.com
119,launchdarkly.com
120,state.gov
121,indiatimes.com
122,washingtonpost.com
123,zoom.us
124,chartbeat.net
125,ipify.org
126,doubleverify.com
127,ys7.com
128,dreamhost.com
129,constantcontact.com
130,freepik.com
131,xfinity.com
132,cnn.com
133,nginx.com
134,consultant.ru
135,weather.com
136,appier.net
137,xfinity.com
138,segment.io
139,cdc.gov
140,consultant.ru
141,chartbeat.com
142,livechatinc.com
143,bestbuy.com
144,livechatinc.com
145,oracle.com
146,miwifi.com
147,nvidia.com
148,state.gov
149,nginx.com
150,asos.com
151,cbc.ca
152,salesforce.com
153,optimizely.com
154,weather.com
155,chartbeat.com
156,cdc.gov
157,bbc.com
158,nic.ru
159,xbox.com
160,nypost.com
161,ubuntu.com
162,launchdarkly.com
163,eventbrite.com
164,rakuten.co.jp
165,mediafire.com
166,php.net
167,att.com
168,ipify.org
169,digicert.com
170,lowes.com
171,free.fr
172,thesun.co.uk
173,xnxx.com
174,plesk.com
175,apnews.com
176,mysql.com
177,loc.gov
178,ted.com
179,mikrotik.com
180,macys.com
181,nypost.com
182,mediafire.com
183,salesforceliveagent.com
184,mysql.com
185,oracle.com
186,goodreads.com
187,asos.com
188,sina.com.cn
189,xboxlive.com
190,sharethis.com
191,ys7.com
192,lenovo.com
193,ivi.ru
194,xvideos.com
195,ubuntu.com
196,worldbank.org
197,entrust.net
198,wiley.com
199,samsung.com
200,calendly.com
201,service-now.com
202,shutterstock.com
203,bluekai.com
204,optimizely.com
205,doubleverify.com
206,kickstarter.com
207,segment.io
208,washingtonpost.com
