1,he.net
2,ama-assn.org
3,mandarinoriental.com
4,uam.es
5,minepi.com
6,evernote.com
7,audible.de
8,inexio.net
9,splunkcloud.com
10,ucop.edu
11,my-force-user-content.com
12,lanebryant.com
13,fwupd.org
14,simeji.me
15,uzh.ch
16,mail.ru
17,pestpac.com
18,exponential.com
19,evtrust.com
20,swr.de
21,thalesgroup.com
22,spectrum.com
23,javatpoint.com
24,magcloud.com
25,yell.com
26,geforce.com
27,cargosmart.com
28,gotowebinar.com
29,caixabank.es
30,sofascore.com
31,percona.com
32,picmonkey.com
33,magazineluiza.com.br
34,chipotle.com
35,xiaoyi.com
36,hotpepper.jp
37,philstar.com
38,minhaji.net
39,zadarma.com
40,gucci.com
41,alohatube.com
42,vestacp.com
43,webpt.com
44,kent.ac.uk
45,hackaday.com
46,fiat.com
47,actionverb.com
48,varzesh3.com
49,macrium.com
50,spbu.ru
51,my-force-user-content.com
52,theringer.com
53,amgen.com
54,w.tools
55,townnews.com
56,ok.xxx
57,loveplanet.ru
58,xvideos53.com
59,score.org
60,mintegral.com
61,fedex.com
62,xnxx3.com
63,xserver.jp
64,nbcphiladelphia.com
65,optimum.net
66,sun.com
67,balad.ir
68,dyson.cn
69,laposte.fr
70,musicdel.ir
71,nokia.com
72,libramemoria.com
73,comingsoon.net
74,ankr.com
75,unicef.org
76,lumenlearning.com
77,w.tools
78,southernglazers.com
79,yaklass.ru
80,cplusplus.com
81,tilda.cc
82,euronews.com
83,adelement.com
84,nitc.gov.np
85,onlinesbi.sbi
86,truyenfull.vn
87,dateinasia.com
88,score.org
89,lkqd.net
90,yfrog.com
91,theathletic.com
92,veoh.com
93,progameguides.com
94,pearltrees.com
95,sportsnet.ca
96,xumo.com
97,doctorswithoutborders.org
98,evtrust.com
99,southcn.com
100,lrt.lt
101,fapello.com
102,op.gg
103,heavy.com
104,mheducation.com
105,theringer.com
106,51cg1.com
107,tilda.cc
108,mercadopago.com.ar
109,bu.edu
110,gtarcade.com
111,exeter.ac.uk
112,aviationweather.gov
113,asic.gov.au
114,ringcentral.com
115,intercom.com
116,shoppersdrugmart.ca
117,militarytimes.com
118,full-count.jp
119,ornl.gov
120,pixiv.net
121,mcm.ru
122,sun.com
123,jdsupra.com
124,gamepass.com
125,poste.it
126,crosswalk.com
127,viglink.com
128,jpmorgan.com
129,mitel.io
130,discovery.com
131,typingtest.com
132,attwifi.com
133,bloomberglaw.com
134,gosquared.com
135,openrice.com
136,zvuk.com
137,paloaltonetworks.com
138,rummycircle.com
139,womensecret.com
140,thnic.co.th
141,tamasha.com
142,udvash-unmesh.com
143,travelchannel.com
144,abercrombie.com
145,intacct.com
146,comcast.com
147,ul.com
148,vodafone.com
149,nguoiquansat.vn
150,digisport.ro
151,solidworks.com
152,rootsweb.com
153,stumbleguys.com
154,vestacp.com
155,sportradar.com
156,proper.io
157,absa.co.za
158,depositphotos.com
159,batotoo.com
160,lafeltrinelli.it
161,denofgeek.com
162,sleepycat.com
163,mercadolivre.com.br
164,express.com
165,tpserv.ru
166,sumome.com
167,elcolombiano.com
168,coach.com
169,digitalstage.jp
170,classificadosx.net
171,eso.org
172,airbus.com
173,newsweek.com
174,blurb.com
175,magerta.ir
176,douban.com
177,notretemps.com
178,redalyc.org
179,westerndigital.com
180,lacnic.net
181,theglobeandmail.com
182,force9.net
183,britishcouncil.org
184,hostgator.com
185,smarterhq.io
186,xerox.com
187,smzdm.com
188,ipipgo.com
189,icai.org
190,autocar.co.uk
191,mangakakalot.com
192,gazzetta.gr
193,ovid.com
194,chatbro.com
195,inosmi.ru
196,chosun.com
197,kwaixiaodian.com
198,lrb.co.uk
199,siriusxm.com
200,noon.com
201,clickcertain.com
202,homes.co.jp
203,journeys.com
204,uline.com
205,booklive.jp
206,columbia.com
207,manhwatop.com
208,pepsi.com
209,ups.com
210,equans.com
211,thriftbooks.com
212,bitsdujour.com
213,sage.com
214,ruhr24.de
215,garmin.com
216,gofund.me
217,caixa.gov.br
218,psychiatryonline.org
219,classicfm.com
220,man7.org
221,abnamro.nl
222,eleadcrm.com
223,westerndigital.com
224,wipo.int
225,nethouse.ru
226,concordia.ca
227,eurogamer.net
228,cloudflare.net
229,ucop.edu
230,sudinfo.be
231,diabetes.org
232,lucid.app
233,oricon.co.jp
234,lafeltrinelli.it
235,americanprogress.org
236,batch.com
237,clickcertain.com
238,mercadolibre.com.ar
239,yumpu.com
240,readli.net
241,shopch.jp
242,bloglovin.com
243,jang.com.pk
244,senate.gov
245,busuu.com
246,thomsonreuters.net
247,firefaucet.win
248,west.cn
249,mojekrpice.rs
250,keurig.com
251,8tracks.com
252,classificadosx.net
253,mtvuutiset.fi
254,rolex.com
255,nhm.ac.uk
256,felissimo.co.jp
257,circle.com
258,bcg.com
259,crpt.ru
260,53.com
261,dagbladet.no
262,nova.edu
263,webopulsar.com
264,qvc.de
265,supremecourt.gov
266,thefreelibrary.com
267,paris.cl
268,smbcnikko.co.jp
269,mist.com
270,pagesix.com
271,workable.com
272,enabiz.gov.tr
273,sysco.com
274,researchandmarkets.com
275,his.com
276,torrentfreak.com
277,hqporner.com
278,alabama.gov
279,nitori-net.jp
280,tabelog.com
281,nic.it
282,chicagobusiness.com
283,hindawi.com
284,grabcad.com
285,his.com
286,jcrew.com
287,netsuite.com
288,globalresearch.ca
289,doterra.com
290,continental.com
291,xvideos53.com
292,squarecdn.com
293,salute.gov.it
294,defensacentral.com
295,decide.dev
296,control4.com
297,telekom.de
298,researchandmarkets.com
299,optum.com
300,shopsy.in
301,activecampaign.com
302,unodc.org
303,adage.com
304,toast.com
305,bestlifeonline.com
306,christianitytoday.com
307,elastic.co
308,primamedia.ru
309,riteaid.com
310,abbott.com
311,anyclip.com
312,digitaltrends.com
313,tom.com
314,ebaumsworld.com
315,mitel.io
316,site777.jp
317,loveplanet.ru
318,movieboxpro.app
319,infolinks.com
320,beacons.ai
321,constantcontact.com
322,thescore.com
323,in3x.net
324,dreame.tech
325,eiu.com
326,solarwinds.com
327,myflixerz.to
328,index.hu
329,hightail.com
330,technologijos.lt
331,rapidssl.com
332,on3.com
333,yowindow.com
334,veed.io
335,accenture.com
336,googledomains.com
337,shareaholic.com
338,plesk.com
339,fc2.com
340,elastic.co
341,spacenews.com
342,homes.com
343,questdiagnostics.com
344,justgiving.com
345,milenio.com
346,pcgamer.com
347,wfxs.com.tw
348,emulatorgames.net
349,krushmedia.com
350,kmart.com.au
351,bd.com
352,mercadopago.com.br
353,wdesk.com
354,gotomeeting.com
355,ipma.pt
356,1worldsync.com
357,technologijos.lt
358,dyn.com
359,hotpepper.jp
360,uni-wuerzburg.de
361,20min.ch
362,bukalapak.com
363,playbill.com
364,theweek.com
365,texastribune.org
366,qxwz.com
367,katespade.com
368,force.com
369,ups.com
370,espncdn.com
371,ntp.br
372,avgbrowser.com
373,getty.edu
374,crealitycloud.com
375,mydlink.com
376,oraclecloud.com
377,tmcnet.com
378,fc2.com
379,mikrotik.com
380,douyu.com
381,utraff.com
382,zerodha.com
383,the-ans.jp
384,spbtv.com
385,magerta.ir
386,sephora.fr
387,nvidia.com
388,autodesk.com
389,squareup.com
390,loseit.com
391,gm.com
392,ushareit.com
393,usaid.gov
394,pokemon.com
395,home-assistant.io
396,segment.com
397,tickets.com
398,gamma.app
399,webcaster.pro
400,tom.com
401,afribaba.com
402,radios.com.br
403,ziggo.nl
404,porndr.com
405,smartocto.com
406,ecnavi.jp
407,diamond.jp
408,tvanouvelles.ca
409,mangatoto.com
410,auspost.com.au
411,wto.to
412,tribuneindia.com
413,sexbebin.com
414,lazada.co.id
415,ok.gov
416,vihub.ru
417,michaels.com
418,hao123.com
419,pushbullet.com
420,hyundaiusa.com
421,telstra.com.au
422,osti.gov
423,wsbtv.com
424,mic.com
425,aqsi.ru
426,lwn.net
427,urbandictionary.com
428,ip138.com
429,zuora.com
430,discovery.com
431,meb.gov.tr
432,39.net
433,imgsmail.ru
434,leanplum.com
435,profinance.ru
436,sendinblue.com
437,digisport.ro
438,wp-rocket.me
439,militarytimes.com
440,epi.org
441,thefreedictionary.com
442,dyndns.info
443,dan.hosting
444,hvosting.ua
445,tenten.vn
446,ceros.com
447,ubs.com
448,ntp.br
449,zoom.com
450,pinsightmedia.com
451,ycombinator.com
452,unicef.org
453,wgu.edu
454,strem.io
455,ziggo.nl
456,indiamart.com
457,gotoresolve.com
458,pixlee.com
459,intacct.com
460,f-secure.com
461,incestflix.com
462,mrporter.com
463,ucanapply.com
464,groww.in
465,wri.org
466,novofon.com
467,jetpack.com
468,sexbebin.com
469,myasiantv.ac
470,zhihu.com
471,servicewebly.com
472,europapress.es
473,rtl.fr
474,theync.com
475,techrepublic.com
476,telstra.com
477,thinkgeek.com
478,atg.se
479,calix.com
480,888scoreonline.net
481,home-assistant.io
482,purelovers.com
483,theintercept.com
484,cuevana3.ch
485,justgiving.com
486,elpais.com.uy
487,polygon.com
488,walmart.com
489,pewresearch.org
490,principal.com
491,on3.com
492,espreso.co.rs
493,picmonkey.com
494,nottingham.ac.uk
495,inps.it
496,googirl.jp
497,lacnic.net
498,sargarmiyerooz.ir
499,busuu.com
500,mindmegette.hu
501,nv.gov
502,brookings.edu
503,chess-results.com
504,mvideo.ru
505,i.ua
506,siriusxm.com
507,sbnation.com
508,veeam.com
509,demilked.com
510,masuk123.com
511,prom.ua
512,ck.page
513,sdna.gr
514,madmimi.com
515,xnxx.xxx
516,baby-calendar.jp
517,sigmaaldrich.com
518,townhall.com
519,tapatalk.com
520,dummies.com
521,paradoxplaza.com
522,douban.com
523,seagate.com
524,laravel.com
525,mercadolibre.com.mx
526,fwupd.org
527,eater.com
528,mindbodyonline.com
529,astm.org
530,statestreet.com
531,pixlee.co
532,rutube.ru
533,magcloud.com
534,urbandictionary.com
535,livestrong.com
536,voetbalprimeur.nl
537,accuweather.com
538,ns.nl
539,mercadolibre.cl
540,sapsf.com
541,macrium.com
542,danfoss.com
543,koreaherald.com
544,stamped.io
545,renren.com
546,allafrica.com
547,mayo.edu
548,wiley.com
549,jp.net
550,dni.gov
551,marieclaire.com
552,flashback.org
553,gamesradar.com
554,varzesh3.com
555,qt.io
556,dbs.com
557,lenovosoftware.com
558,pixlee.co
559,riotgames.com
560,ktby.net
561,onefootball.com
562,espn.com.mx
563,ddd-smart.net
564,leadsquared.com
565,wshareit.com
566,macys.com
567,dollargeneral.com
568,tumblr.com
569,sunnyportal.com
570,hightail.com
571,chochox.com
572,espn.com
573,ifc.org
574,logmein.com
575,tanksblitz.ru
576,hellowork.com
577,beatport.com
578,recode.net
579,talbots.com
580,productmadness.com
581,faradeed.ir
582,noon.com
583,vanguardia.com.mx
584,yumpu.com
585,visitscotland.com
586,viasat.com
587,penguinrandomhouse.com
588,skynet.be
589,luc.edu
590,jamesclear.com
591,cox.net
592,tnt.com
593,fiat.com
594,freepik.com
595,amazon.eu
596,mcdonalds.com
597,jorudan.co.jp
598,pro-football-reference.com
599,msu.edu
600,53.com
601,evony.com
602,dnaindia.com
603,larepublica.pe
604,bombuj.si
605,motorolasolutions.com
606,truyenfull.vn
607,tate.org.uk
608,scirp.org
609,americastestkitchen.com
610,fabswingers.com
611,danfoss.com
612,max.porn
613,randomhouse.com
614,convertbox.com
615,coinmarketcap.com
616,metal-archives.com
617,duba.net
618,sonarr.tv
619,imageshack.us
620,haaretz.co.il
621,laravel.com
622,verizon.com
623,rts.ch
624,fdating.com
625,dafont.com
626,prudential.com
627,babylist.com
628,ucsb.edu
629,popt.in
630,lytics.io
631,immobiliare.it
632,serieously.com
633,honto.jp
634,ufiler.pro
635,sunmedia.tv
636,amfam.com
637,denver7.com
638,teamspeak.com
639,usgs.gov
640,lenovo.com
641,optum.com
642,eventbrite.com
643,birkenstock.com
644,chabad.org
645,zephr.com
646,pisofiph.com
647,tktube.com
648,nitori-net.jp
649,mymodernmet.com
650,go-vip.net
651,winehq.org
652,jofogas.hu
653,ipinfodb.com
654,giallozafferano.it
655,weatherbug.com
656,pandasoftware.com
657,elobservador.com.uy
658,nzherald.co.nz
659,infobae.com
660,bpb.de
661,royalcaribbean.com
662,eklablog.com
663,opensource.com
664,athome.com
665,newsnow.co.uk
666,xmegaxvideoxxx.com
667,unb.ca
668,veed.io
669,newsweek.com
670,proxmox.com
671,via.net
672,ajc.com
673,lookmovie2.to
674,spanishdict.com
675,ftc.gov
676,victoriassecret.com
677,ascopubs.org
678,guitarcenter.com
679,javmix.tv
680,tn.gov
681,eu.com
682,24sata.hr
683,eventbrite.ca
684,shareaholic.com
685,ucoz.com
686,jezebel.com
687,rtvslo.si
688,sdsu.edu
689,rabobank.nl
690,syfy.com
691,postheaven.net
692,abcactionnews.com
693,romaniatv.net
694,ccma.cat
695,gumtree.com.au
696,jneurosci.org
697,scssoft.com
698,umblr.com
699,spacenews.com
700,tomshardware.com
701,isc.org
702,xiaoxintv.net
703,tom.com
704,mercadolibre.com.ve
705,quia.com
706,pbskids.org
707,paloaltonetworks.com
708,wdc.com
709,getvideostream.com
710,index.hu
711,villagevoice.com
712,yiv.com
713,inexio.net
714,tdameritrade.com
715,southbridge.ru
716,zuimeitianqi.com
717,smithsonianmag.com
718,perfectgirls.xxx
719,relateiq.com
720,csdn.net
721,the-sun.com
722,bolavip.com
723,phpbb.com
724,jenkins.io
725,oxcs.net
726,he.net
727,wfu.edu
728,hotwire.com
729,enabiz.gov.tr
730,itoolabs.net
731,citizensadvice.org.uk
732,vivareal.com.br
733,shaw.ca
734,so.com
735,sap-ag.de
736,kugou.net
737,tokyo-sports.co.jp
738,nseindia.com
739,oupeng.com
740,9apps.com
741,cox.net
742,infolinks.com
743,federalreserve.gov
744,sparkfun.com
745,proxmox.com
746,2345.com
747,marketplace.org
748,sport.ro
749,wheelofnames.com
750,mercadopago.com.mx
751,pcgamesn.com
752,logmeininc.com
753,economist.com
754,callrail.com
755,autoevolution.com
756,otempo.com.br
757,espreso.co.rs
758,telia.com
759,eurosport.com
760,entrepreneur.com
761,mail.ru
762,statefarm.com
763,xtubecinema.mom
764,hto.to
765,magyarnemzet.hu
766,xmeye.net
767,truepush.com
768,johnlewis.com
769,gname.net
770,bloomberglaw.com
771,fodors.com
772,ok.gov
773,mercadopago.com.mx
774,php.net
775,powerinboxedge.com
776,paadars.com
777,artstation.com
778,ctv.ca
779,pandasoftware.com
780,tn.com.ar
781,odu.edu
782,net-a-porter.com
783,fabguys.com
784,uk2.net
785,smashwords.com
786,zergnet.com
787,zephr.com
788,immobiliare.it
789,ri.gov
790,americastestkitchen.com
791,converse.com
792,hellowork.com
793,nola.com
794,uhc.com
795,dizinc.com
796,deathspank.com
797,sharefile.com
798,gs.com
799,rbth.com
800,onlinepbx.ru
801,kaspersky.ru
802,vhx.tv
803,shutterstock.com
804,sportsmans.com
805,centralservers.com
806,motorolasolutions.com
807,duba.net
808,decider.com
809,zippyshare.com
810,tribuneindia.com
811,sport.ua
812,join.chat
813,mk.ru
814,jointraining.com
815,webstroy.ru
816,ingentaconnect.com
817,ouraring.com
818,chosun.com
819,hmv.co.jp
820,adweek.com
821,accuweather.com
822,tureng.com
823,banahosting.com
824,anaconda.com
825,xvideos.com
826,aboutamazon.com
827,pocketcasts.com
828,cquotient.com
829,foodnetwork.com
830,3ds.com
831,shoretel.com
832,bodycontact.com
833,dat.com
834,webmd.com
835,acmeaom.com
836,lockerdome.com
837,tenda.com.cn
838,authorize.net
839,freshservice.com
840,getgocdn.com
841,mypertamina.id
842,douyu.com
843,um.es
844,hotwire.com
845,avastbrowser.com
846,livescience.com
847,uchile.cl
848,ntlworld.com
849,ruckuswireless.com
850,atomicorp.com
851,hostgator.com
852,pillpack.com
853,ask.fm
854,xnxx.tv
855,displate.com
856,hostelworld.com
857,eroprofile.com
858,rocketnews24.com
859,newser.com
860,lifehacker.com
861,dedeman.ro
862,noveldrama.com
863,fnp.com
864,ajio.com
865,ilsole24ore.com
866,bell.ca
867,tv-tokyo.co.jp
868,frvr.com
869,inventos.ru
870,comparitech.com
871,sync.com
872,bluekai.com
873,myhentaicomics.com
874,zhipin.com
875,imagefap.com
876,ctv.ca
877,americanprogress.org
878,altema.jp
879,ted.com
880,50megs.com
881,ukri.org
882,yourtango.com
883,chicago.gov
884,hochi.news
885,voanews.com
886,aei.org
887,heritage.org
888,dyndns.info
889,thepaper.cn
890,bni.co.id
891,webopulsar.com
892,softpedia.com
893,abadis.ir
894,homes.com
895,sport.ua
896,caesars.com
897,ouraring.com
898,quay.io
899,ranker.com
900,vine.co
901,hpplay.cn
902,marketbeat.com
903,zalora.co.id
904,akc.org
905,fitbit.com
906,visitscotland.com
907,sunmedia.tv
908,batotoo.com
909,appier.net
910,calendly.com
911,lrt.lt
912,paadars.com
913,fravega.com
914,vans.com
915,marketbeat.com
916,adage.com
917,tlife.gr
918,attn.tv
919,optimum.net
920,wikiloc.com
921,escapefromtarkov.com
922,unsw.edu.au
923,pardot.com
924,harvestapp.com
925,onepeloton.com
926,avant.si
927,pastemagazine.com
928,sanspo.com
929,programmatica.com
930,radiosvoboda.org
931,savethechildren.org
932,f-secure.com
933,rijksoverheid.nl
934,authy.com
935,jang.com.pk
936,ebaumsworld.com
937,bain.com
938,go-vip.net
939,dictionary.com
940,ni.com
941,elektra.mx
942,mercadolibre.com.mx
943,printful.com
944,pricesmart.com
945,ul.com
946,xnxx115.com
947,caesars.com
948,zvuk.com
949,spektrum.de
950,thingspeak.com
951,glip.com
952,trellix.com
953,3322.net
954,ranker.com
955,xserver.jp
956,bancosantander.es
957,cnn.com
958,trellix.com
959,telegraphindia.com
960,meteofrance.com
961,virginmedia.com
962,solidworks.com
963,storyblok.com
964,csdn.net
965,slobodnadalmacija.hr
966,logme.in
967,elektra.mx
968,encyclopedia.com
969,barclays.co.uk
970,osti.gov
971,smartthings.com
972,newegg.com
973,keybank.com
974,lacounty.gov
975,3m.com
976,salesforcescrt.com
977,aboutamazon.com
978,grist.org
979,barstoolsports.com
980,sazka.cz
981,coxautoinc.com
982,kuruma-news.jp
983,afternic.com
984,ivi.ru
985,zscaler.com
986,3ds.com
987,ea.com
988,wgntv.com
989,theqoo.net
990,retty.me
991,digitalstage.jp
992,drtuber.com
993,kosmo.com.my
994,mine.nu
995,worldstarhiphop.com
996,myasiantv.ac
997,espn.com
998,lifesitenews.com
999,marcus.com
1000,soccerway.com
1001,hostelworld.com
1002,blackbaud.com
1003,list.ly
1004,op.gg
1005,ntnu.no
1006,tinyspeck.com
1007,eventbrite.ca
1008,baseball-reference.com
1009,bustle.com
1010,infusionsoft.com
1011,exacttarget.com
1012,unibet.com
1013,fiu.edu
1014,nbcmiami.com
1015,natrohost.com
1016,qpyou.cn
1017,dcloud.net.cn
1018,adweek.com
1019,tlife.gr
1020,nic.cl
1021,garmin.com
1022,free.fr
1023,news1.kr
1024,comcast.net
1025,bedbathandbeyond.com
1026,imgsmail.ru
1027,thriftbooks.com
1028,genome.gov
1029,sleepycat.com
1030,unodc.org
1031,signalfx.com
1032,k12.com
1033,xboxlive.com
1034,usbank.com
1035,tiaa-cref.org
1036,citizenfreepress.com
1037,siemens.com
1038,ntnu.no
1039,aph.gov.au
1040,desisex.site
1041,bancosantander.es
1042,akc.org
1043,irs.gov
1044,ieee.org
1045,bongdaso66.org
1046,teacherspayteachers.com
1047,reshak.ru
1048,iranjib.ir
1049,pfizer.com
1050,climate.gov
1051,auspost.com.au
1052,zopim.com
1053,orf.at
1054,digicert.com
1055,contentinsights.com
1056,bizport.cn
1057,yuanshen.com
1058,autonews.com
1059,loseit.com
1060,thediplomat.com
1061,thomasnet.com
1062,vnexpress.net
1063,dianping.com
1064,mordorintelligence.com
1065,airtable.com
1066,stihi.ru
1067,nrel.gov
1068,johnlewis.com
1069,verizon.com
1070,sportradar.com
1071,bravotv.com
1072,unizar.es
1073,bravotv.com
1074,grapee.jp
1075,pandasecurity.com
1076,convertbox.com
1077,penguinrandomhouse.com
1078,kabum.com.br
1079,credit-suisse.com
1080,wikidot.com
1081,veoh.com
1082,salesforceliveagent.com
1083,keybank.com
1084,chartbeat.net
1085,bristol.ac.uk
1086,lumenlearning.com
1087,imageshack.us
1088,rhs.org.uk
1089,lifehacker.com
1090,zoom.com
1091,meethue.com
1092,toyokeizai.net
1093,fender.com
1094,ucr.edu
1095,coach.com
1096,dtag.de
1097,chemistwarehouse.com.au
1098,okxxx1.com
1099,androidcentral.com
1100,ucsb.edu
1101,nokia.com
1102,familyhandyman.com
1103,anthem.com
1104,fsk-ees.ru
1105,pepsi.com
1106,ensighten.com
1107,adpushup.com
1108,sputniknews.ru
1109,radiosvoboda.org
1110,ok.porn
1111,panorama9.com
1112,hello.porn
1113,duke-energy.com
1114,home.kpmg
1115,dcinside.com
1116,shayanews.com
1117,pornhat.one
1118,la7.it
1119,hit-ava.ir
1120,xnxx.guide
1121,dto.to
1122,thewest.com.au
1123,bakusai.com
1124,bizrate.com
1125,texastribune.org
1126,audible.com
1127,tiaa-cref.org
1128,hyperallergic.com
1129,dedeman.ro
1130,bfm.ru
1131,9apps.com
1132,hackernoon.com
1133,rg.ru
1134,kupujemprodajem.com
1135,tom.com
1136,rongbachkim.com
1137,clearbit.com
1138,charter.com
1139,southcn.com
1140,kff.org
1141,starbucks.com
1142,yinzcam.com
1143,hypixel.net
1144,lnk.to
1145,weglot.com
1146,food52.com
1147,boots.com
1148,cbc.ca
1149,laredoute.fr
1150,frvr.com
1151,biligame.com
1152,theqoo.net
1153,thomsonreuters.net
1154,chipotle.com
1155,thatpervert.com
1156,meetme.com
1157,travelers.com
1158,colorado.edu
1159,renfe.com
1160,dek-d.com
1161,cnblogs.com
1162,googledomains.com
1163,yako.red
1164,penny-arcade.com
1165,japantimes.co.jp
1166,honda.com
1167,elpub.ru
1168,rogerebert.com
1169,middleeasteye.net
1170,smartthings.com
1171,kuruma-news.jp
1172,gi-de.com
1173,airforce.com
1174,citizenfreepress.com
1175,ufrgs.br
1176,squareup.com
1177,kiplinger.com
1178,zerodha.com
1179,goodporn.to
1180,keralalotteries.net
1181,fleetmatics.com
1182,mlb.com
1183,nation.africa
1184,telegraphindia.com
1185,womensecret.com
1186,yellowpages.com
1187,bluebillywig.com
1188,idrive.com
1189,merchantcircle.com
1190,mindbodyonline.com
1191,segment.com
1192,imageban.ru
1193,todocoleccion.net
1194,eltiempo.es
1195,imore.com
1196,ipv6-test.com
1197,ox.ac.uk
1198,the-ans.jp
1199,splunk.com
1200,thinkingdata.cn
1201,commbank.com.au
1202,volvocars.com
1203,leadsquared.com
1204,toyokeizai.net
1205,samanage.com
1206,virginmedia.com
1207,thesun.ie
1208,uhc.com
1209,salesforce.com
1210,star-mobi-game.online
1211,aastocks.com
1212,voanews.com
1213,thatgamecompany.com
1214,recode.net
1215,isc.org
1216,ramseysolutions.com
1217,thesun.co.uk
1218,kwaixiaodian.com
1219,sankakucomplex.com
1220,citynews.ca
1221,observador.pt
1222,peiluyou.com
1223,bato.to
1224,tokyo-sports.co.jp
1225,rte.ie
1226,dnsexit.com
1227,ti.com
1228,ixigo.com
1229,pbskids.org
1230,conta.cc
1231,toto.nl
1232,altema.jp
1233,cdkeys.com
1234,disneylandparis.com
1235,newsbomb.gr
1236,stesti.cz
1237,50megs.com
1238,hollywoodlife.com
1239,meizu.com
1240,1gb.ru
1241,tripit.com
1242,vivareal.com.br
1243,8tracks.com
1244,download.vn
1245,bfm.ru
1246,tureng.com
1247,qvc.com
1248,innity.com
1249,geforce.com
1250,key.com
1251,jcrew.com
1252,ck.page
1253,livestrong.com
1254,minecraftskins.com
1255,hit-ava.ir
1256,svoboda.org
1257,southbridge.ru
1258,pfizer.com
1259,inventos.ru
1260,list.ly
1261,mangakakalot.com
1262,riotgames.com
1263,dcinside.com
1264,eyoucms.com
1265,mangago.me
1266,ipma.pt
1267,video.az
1268,mypertamina.id
1269,worldbank.org
1270,bell.ca
1271,readmangabat.com
1272,elpais.com.co
1273,osano.com
1274,quicksetcloud.com
1275,openstax.org
1276,maariv.co.il
1277,advangelists.com
1278,sonicwall.com
1279,canalturf.com
1280,barstoolsports.com
1281,doctorswithoutborders.org
1282,fantia.jp
1283,shawcable.net
1284,us.org
1285,tn.gov
1286,slideshare.net
1287,moe.gov.sa
1288,pelmorex.com
1289,umkc.edu
1290,torrentgalaxy.to
1291,theadvocate.com
1292,vk.team
1293,quotidiano.net
1294,simplemachines.org
1295,rabobank.nl
1296,eharmony.com
1297,airbus.com
1298,radios.com.br
1299,gulfnews.com
1300,nybooks.com
1301,editalconcursosbrasil.com.br
1302,ns.nl
1303,feedingamerica.org
1304,xn--pckua2a7gp15o89zb.com
1305,adr.org
1306,afribaba.com
1307,tom.com
1308,edutopia.org
1309,attn.tv
1310,culture.ru
1311,incestflix.com
1312,redlobster.com
1313,akamai.com
1314,swin.edu.au
1315,ubs.com
1316,freepatentsonline.com
1317,newswise.com
1318,dhlparcel.nl
1319,long.tv
1320,playinexch.com
1321,mama.tv
1322,turnitin.com
1323,dunkinbrands.com
1324,peraichi.com
1325,argos.co.uk
1326,getgreenshot.org
1327,myvi.in
1328,rbth.com
1329,admitad.com
1330,talksport.com
1331,aa.com
1332,marcus.com
1333,originenergy.com.au
1334,empik.com
1335,alelo.com.br
1336,fly.dev
1337,abdn.ac.uk
1338,bd.com
1339,buscape.com.br
1340,dur.ac.uk
1341,lockerdome.com
1342,beckershospitalreview.com
1343,strem.io
1344,22.cn
1345,socialblade.com
1346,tpserv.ru
1347,gamedistribution.com
1348,carbonite.com
1349,full-count.jp
1350,mercadopago.com
1351,tudocelular.com
1352,evike.com
1353,spectrum.com
1354,pushbullet.com
1355,unblog.fr
1356,carbonite.com
1357,thomasnet.com
1358,coinmarketcap.com
1359,ericsson.com
1360,arm.com
1361,bluebillywig.com
1362,thesaurus.com
1363,sage.com
1364,trustarc.com
1365,inquirer.com
1366,star-mobi-game.online
1367,sonic.net
1368,homedepot.ca
1369,globalsecurity.org
1370,sporx.com
1371,jekyllrb.com
1372,emarketer.com
1373,sumo.com
1374,globalsecurity.org
1375,frandroid.com
1376,fuegodevida.com
1377,optonline.net
1378,fiu.edu
1379,buzzsprout.com
1380,pixhost.to
1381,exeter.ac.uk
1382,principal.com
1383,programmatica.com
1384,mariadb.org
1385,afternic.com
1386,boston.com
1387,mercadolibre.com.co
1388,progameguides.com
1389,classdojo.com
1390,audible.co.uk
1391,elegantthemes.com
1392,trustarc.com
1393,elobservador.com.uy
1394,startech.com.bd
1395,sankei.com
1396,freesound.org
1397,illuminateed.com
1398,groww.in
1399,divephotoguide.com
1400,canadiantire.ca
1401,mercari.com
1402,creativebloq.com
1403,fdic.gov
1404,resilio.com
1405,wsbtv.com
1406,entrust.net
1407,meethue.com
1408,converse.com
1409,gazzetta.gr
1410,wacom.com
1411,redlobster.com
1412,winnipegfreepress.com
1413,dan.hosting
1414,microchip.com
1415,lifesitenews.com
1416,theweathernetwork.com
1417,sciencedaily.com
1418,ufrgs.br
1419,apnews.com
1420,belta.by
1421,belta.by
1422,rtve.es
1423,desisex.site
1424,webstarts.com
1425,elpub.ru
1426,zoom.com.br
1427,adpushup.com
1428,disqus.com
1429,neimanmarcus.com
1430,ramseysolutions.com
1431,redcrossblood.org
1432,abs-cbn.com
1433,oraclecloud.com
1434,mediapost.com
1435,uquiz.com
1436,astm.org
1437,spbtv.com
1438,ruckuswireless.com
1439,ovh.com
1440,ipipgo.com
1441,3322.net
1442,udemy.com
1443,tomsguide.com
1444,vine.co
1445,usbank.com
1446,batocomic.com
1447,porndig.com
1448,onedio.com
1449,food52.com
1450,blackbaud.com
1451,attachmail.ru
1452,lrytas.lt
1453,itb.ac.id
1454,1984.is
1455,comiko.net
1456,theaustralian.com.au
1457,uzh.ch
1458,perl.com
1459,hvosting.ua
1460,udvash-unmesh.com
1461,psychiatryonline.org
1462,rogerebert.com
1463,gs.com
1464,bizrate.com
1465,toast.com
1466,dot.gov
1467,hyundaiusa.com
1468,sudouest.fr
1469,allo.ua
1470,musicdel.ir
1471,xbox.com
1472,truste.com
1473,mercadolibre.com.co
1474,theiet.org
1475,decathlon.in
1476,digitalguardian.com
1477,tradeinn.com
1478,osuosl.org
1479,nicematin.com
1480,solodeportes.com.ar
1481,mycloud.com
1482,miwifi.com
1483,ft.com
1484,eharmony.com
1485,riteaid.com
1486,avastbrowser.com
1487,kooora.com
1488,thelevelup.com
1489,gamenet.ru
1490,nikkansports.com
1491,editalconcursosbrasil.com.br
1492,xnxx2.com
1493,pulsechain.com
1494,peek-cloppenburg.de
1495,wdesk.com
1496,pydata.org
1497,jive.com
1498,xerox.com
1499,christies.com
1500,askmen.com
1501,ruten.com.tw
1502,convio.net
1503,thermofisher.com
1504,kanald.com.tr
1505,ip138.com
1506,a16z.com
1507,openrice.com
1508,asic.gov.au
1509,javlibrary.com
1510,sendspace.com
1511,jauns.lv
1512,univ-lyon1.fr
1513,showup.tv
1514,ostkcdn.com
1515,notretemps.com
1516,hpplay.cn
1517,speakerdeck.com
1518,fordham.edu
1519,datezone.com
1520,getvideostream.com
1521,dyn.com
1522,rnz.co.nz
1523,telstra.com
1524,vfsglobal.com
1525,cfe.mx
1526,square.site
1527,xxxbunker.com
1528,mercadolibre.com.ve
1529,easeus.com
1530,timeanddate.com
1531,habitaclia.com
1532,wikidot.com
1533,shoretel.com
1534,showup.tv
1535,xvideos.es
1536,digitaltrends.com
1537,kiwi.com
1538,udemy.com
1539,michaels.com
1540,mmc.com
1541,cognizant.com
1542,shopsy.in
1543,tripit.com
1544,gofund.me
1545,pixiv.net
1546,nefisyemektarifleri.com
1547,plati.market
1548,bizport.cn
1549,todocoleccion.net
1550,healthsherpa.com
1551,wangyuespa.vip
1552,correios.com.br
1553,cfe.mx
1554,easeus.com
1555,splunk.com
1556,vanguardia.com.mx
1557,mercadopago.com.br
1558,nic.ru
1559,pillpack.com
1560,mayoclinic.org
1561,epson.com
1562,disneylandparis.com
1563,landsend.com
1564,aruba.it
1565,urbanup.com
1566,percipio.com
1567,kerio.com
1568,musicradar.com
1569,amgen.com
1570,sputniknews.ru
1571,dummies.com
1572,tenda.com.cn
1573,prom.ua
1574,lifo.gr
1575,seagate.com
1576,oneamerica.com
1577,calix.com
1578,smartocto.com
1579,shalove.net
1580,europe1.fr
1581,doctoreto.com
1582,tue.nl
1583,autodesk.com
1584,princess.com
1585,dtln.ru
1586,ah.nl
1587,ieee.org
1588,elitedaily.com
1589,citrix.com
1590,bloomberght.com
1591,umeng.com
1592,cognizant.com
1593,abtasty.com
1594,russianfood.com
1595,utro.ru
1596,paris.cl
1597,cinemablend.com
1598,cyberark.com
1599,avg.com
1600,dianping.com
1601,blitz.bg
1602,gadgets360.com
1603,db.com
1604,carsensor.net
1605,sebrae.com.br
1606,denofgeek.com
1607,21cineplex.com
1608,homedepot.ca
1609,elbalad.news
1610,3hentai.net
1611,comcast.com
1612,jauns.lv
1613,thewest.com.au
1614,citigroup.com
1615,thesaurus.com
1616,statefarm.com
1617,unizar.es
1618,xnxx.guide
1619,statnews.com
1620,middleeasteye.net
1621,ocnk.net
1622,long.tv
1623,diigo.com
1624,equans.com
1625,salesforce-scrt.com
1626,bizimhesap.com
1627,autismspeaks.org
1628,thecrimson.com
1629,kompas.tv
1630,euronews.com
1631,hsn.com
1632,carfax.com
1633,batotwo.com
1634,osuosl.org
1635,leanplum.com
1636,keeptruckin.com
1637,tfl.gov.uk
1638,government.nl
1639,mangago.me
1640,webmd.com
1641,kidshealth.org
1642,zoznam.sk
1643,newegg.com
1644,kakao.com
1645,mangatoto.com
1646,bodis.com
1647,getgocdn.com
1648,espn.com.mx
1649,kpmg.com
1650,htx.com
1651,samsung.com
1652,webcaster.pro
1653,mintegral.net
1654,royalcaribbean.com
1655,sierraclub.org
1656,huobi.com
1657,kiplinger.com
1658,felissimo.co.jp
1659,panoramio.com
1660,canalturf.com
1661,econsultancy.com
1662,winehq.org
1663,hsn.com
1664,hypixel.net
1665,aaas.org
1666,22.cn
1667,nexusmods.com
1668,wral.com
1669,webpt.com
1670,service-now.com
1671,hollisterco.com
1672,avada.io
1673,dailydot.com
1674,hostnet.nl
1675,usda.gov
1676,gosexpod.com
1677,minted.com
1678,tomtom.com
1679,easyjet.com
1680,sportsnet.ca
1681,yfrog.com
1682,thomsonreuters.com
1683,siemens.com
1684,amazon.eu
1685,haaretz.co.il
1686,longisland.com
1687,umkc.edu
1688,home.kpmg
1689,umsu.ac.id
1690,kupujemprodajem.com
1691,fitbit.com
1692,sapsf.com
1693,grabcad.com
1694,vecernji.hr
1695,loggly.com
1696,askmen.com
1697,trenitalia.com
1698,noveldrama.com
1699,pbworks.com
1700,dailydot.com
1701,lexmark.com
1702,sport.ro
1703,dek-d.com
1704,decide.dev
1705,philly.com
1706,pointi.jp
1707,statestreet.com
1708,sharefile.com
1709,dingdong39710.com
1710,rnz.co.nz
1711,illuminateed.com
1712,vhlcentral.com
1713,mto.to
1714,propublica.org
1715,ri.gov
1716,stiripesurse.ro
1717,keysight.com
1718,skysports.com
1719,afrinic.net
1720,ktby.net
1721,aaas.org
1722,saso.gov.sa
1723,mayoclinic.org
1724,dotesports.com
1725,merchantcircle.com
1726,viamichelin.fr
1727,peplink.com
1728,primor.eu
1729,sonarr.tv
1730,propublica.org
1731,xnxx.gift
1732,geotrust.com
1733,aade.gr
1734,dnsexit.com
1735,reviewjournal.com
1736,cuny.edu
1737,cvut.cz
1738,bcg.com
1739,doubtnut.com
1740,bakusai.com
1741,illinois.gov
1742,batocomic.com
1743,cox.com
1744,lanazione.it
1745,admin.ch
1746,shutterfly.com
1747,ox.ac.uk
1748,genome.gov
1749,mard.gov.vn
1750,mangapark.net
1751,newsmemory.com
1752,livechat.com
1753,druni.es
1754,vietnamnet.vn
1755,cell.com
1756,megatube.xxx
1757,sina.com.cn
1758,biggo.com.tw
1759,disqus.com
1760,enel.it
1761,meetme.com
1762,scssoft.com
1763,unleash-hosted.com
1764,rtve.es
1765,intermedia.net
1766,radiofrance.fr
1767,thehindubusinessline.com
1768,espncdn.com
1769,aade.gr
1770,hostland.ru
1771,nan-net.com
1772,freedom.ne.jp
1773,mandarinoriental.com
1774,prozis.com
1775,signalfx.com
1776,youth.cn
1777,gotowebinar.com
1778,lkqd.net
1779,marvel.com
1780,goodreads.com
1781,cuevana3.ch
1782,cancer.gov
1783,livetex.ru
1784,thnic.co.th
1785,1happybirthday.com
1786,walmart.com
1787,livechat.com
1788,overheid.nl
1789,pcgamesn.com
1790,emory.edu
1791,ingentaconnect.com
1792,mintegral.net
1793,imageshack.com
1794,originenergy.com.au
1795,dreamhost.com
1796,slrclub.com
1797,arrow.com
1798,nami.org
1799,thomsonreuters.com
1800,trade.gov
1801,freelancer.com
1802,islandluck.com
1803,telekom.de
1804,texasmonthly.com
1805,zeno.fm
1806,wikiloc.com
1807,muji.com
1808,haosou.com
1809,canada.ca
1810,splunkcloud.com
1811,hsbc.com.hk
1812,osha.gov
1813,gizmodo.jp
1814,umaryland.edu
1815,romper.com
1816,trenitalia.com
1817,megatube.xxx
1818,tvanouvelles.ca
1819,typingerz.com
1820,vidverto.io
1821,odu.edu
1822,football.ua
1823,xvideos4.com
1824,dunkinbrands.com
1825,mcgraw-hill.com
1826,keeptruckin.com
1827,stihi.ru
1828,kickstarter.com
1829,servicetitan.com
1830,grandstream.com
1831,bukalapak.com
1832,lwn.net
1833,audible.co.uk
1834,fleetmatics.com
1835,att.com
1836,bodis.com
1837,mercari.com
1838,writing.com
1839,rocketnews24.com
1840,businessinsider.in
1841,feedingamerica.org
1842,youzan.com
1843,thejakartapost.com
1844,shuzilm.cn
1845,goldmansachs.com
1846,defensacentral.com
1847,elespectador.com
1848,dreame.tech
1849,ftc.gov
1850,trackwrestling.com
1851,onedio.com
1852,evergage.com
1853,xvideos51.com
1854,tonyrobbins.com
1855,squarecdn.com
1856,do-reg.jp
1857,wgu.edu
1858,skift.com
1859,vtr.net
1860,mine.nu
1861,southernglazers.com
1862,tiny.cc
1863,ohio.gov
1864,abadis.ir
1865,skynet.be
1866,eluniverso.com
1867,orami.co.id
1868,zoom.us
1869,ringpublishing.com
1870,bris.ac.uk
1871,iwm.org.uk
1872,freshbooks.com
1873,jdsupra.com
1874,philly.com
1875,xnxx2.com
1876,freeservers.com
1877,holidaycheck.de
1878,druni.es
1879,antarvasnabf.com
1880,americanbar.org
1881,freieporno.com
1882,thawte.com
1883,piktochart.com
1884,myhentaicomics.com
1885,post-gazette.com
1886,bruteprotect.com
1887,lenovosoftware.com
1888,osano.com
1889,sojern.com
1890,autismspeaks.org
1891,hikvision.com
1892,stonybrook.edu
1893,cibc.com
1894,suse.com
1895,wenming.cn
1896,virgilio.it
1897,bestbuy.com
1898,eleadcrm.com
1899,plus.net
1900,in3x.net
1901,rakuten.co.jp
1902,thepaper.cn
1903,dotesports.com
1904,minhaji.net
1905,quia.com
1906,booklive.jp
1907,1worldsync.com
1908,elegantthemes.com
1909,zadarma.com
1910,percipio.com
1911,mcgill.ca
1912,tukif.com
1913,newyorkfed.org
1914,prettylittlething.com
1915,wp-rocket.me
1916,goibibo.com
1917,unb.ca
1918,ilgiorno.it
1919,cityam.com
1920,weather.com.cn
1921,sanspo.com
1922,javatpoint.com
1923,alaskaair.com
1924,carsensor.net
1925,xycdn.com
1926,1happybirthday.com
1927,beckershospitalreview.com
1928,uark.edu
1929,xad.com
1930,epi.org
1931,ucf.edu
1932,zomato.com
1933,xnxx.xxx
1934,westmarine.com
1935,biggo.com.tw
1936,fly.dev
1937,pinsightmedia.com
1938,braintreepayments.com
1939,heavy.com
1940,credit-suisse.com
1941,net-a-porter.com
1942,baby-calendar.jp
1943,cgtn.com
1944,ti.com
1945,saramin.co.kr
1946,eiga.com
1947,arbeitsagentur.de
1948,dazeddigital.com
1949,xv-videos1.com
1950,svoboda.org
1951,us.com
1952,sierraclub.org
1953,mintegral.com
1954,athenahealth.com
1955,blurb.com
1956,rituals.com
1957,unipd.it
1958,sankei.com
1959,bodycontact.com
1960,solvvy.com
1961,rudderlabs.com
1962,pgatour.com
1963,brasil247.com
1964,mcdonalds.com
1965,minecraftskins.com
1966,politico.eu
1967,bizjournals.com
1968,cnbctv18.com
1969,cinepolis.com
1970,kmart.com.au
1971,moack.co.kr
1972,db.com
1973,basspro.com
1974,pestpac.com
1975,plus.net
1976,antena3.ro
1977,python.ca
1978,1984.is
1979,24sata.hr
1980,autoexpress.co.uk
1981,yell.com
1982,nsk.ne.jp
1983,nsctotal.com.br
1984,fapello.com
1985,bbc.com
1986,gamestop.com
1987,pte.hu
1988,hornbach.de
1989,chinaz.com
1990,postheaven.net
1991,xnxx.press
1992,sicomasp.com
1993,nikkansports.com
1994,unpam.ac.id
1995,qooh.me
1996,haaretz.com
1997,mist.com
1998,redflagdeals.com
1999,activehosted.com
2000,apollopharmacy.in
2001,nyc.gov
2002,asu.edu
2003,hkjc.com
2004,crpt.ru
2005,intermedia.net
2006,national-lottery.co.uk
2007,townhall.com
2008,cloudflare.net
2009,spring.io
2010,dot.gov
2011,gumtree.com.au
2012,holidaycheck.de
2013,irs.gov
2014,honto.jp
2015,rte.ie
2016,peek-cloppenburg.de
2017,zapier.com
2018,ovh.ca
2019,indiatimes.com
2020,bitsdujour.com
2021,wdc.com
2022,pingdom.net
2023,mydlink.com
2024,altmetric.com
2025,optinmonster.com
2026,express.com
2027,sinchew.com.my
2028,comicpark.org
2029,centene.com
2030,libramemoria.com
2031,arrow.com
2032,usaid.gov
2033,continental.com
2034,renfe.com
2035,anonymised.io
2036,autohome.com.cn
2037,gigabyte.com
2038,kinnser.net
2039,superpages.com
2040,xnxx.luxe
2041,firstpost.com
2042,republicworld.com
2043,townwork.net
2044,us.org
2045,penny-arcade.com
2046,k12.com
2047,weightwatchers.com
2048,shawcable.net
2049,cnil.fr
2050,nan-net.com
2051,woot.com
2052,battwo.com
2053,sas.com
2054,destructoid.com
2055,theaustralian.com.au
2056,samsungmax.com
2057,chochox.com
2058,allo.ua
2059,theglobeandmail.com
2060,itoolabs.net
2061,edf.fr
2062,mathworks.com
2063,fedex.com
2064,diabetes.org
2065,gamesradar.com
2066,espn.co.uk
2067,palmettostatearmory.com
2068,getty.edu
2069,peiluyou.com
2070,pagesix.com
2071,people.com.cn
2072,kakao.com
2073,yektanet.com
2074,tom.com
2075,classdojo.com
2076,bizimhesap.com
2077,freevideo.cz
2078,musicradar.com
2079,bedbathandbeyond.com
2080,noticiasaominuto.com
2081,wunderground.com
2082,antarvasnabf.com
2083,law.com
2084,elections.eg
2085,boots.com
2086,comcast.net
2087,leengame.com
2088,china.org.cn
2089,anthem.com
2090,theathletic.com
2091,dat.com
2092,princess.com
2093,biligame.com
2094,levi.com
2095,sudinfo.be
2096,tinyspeck.com
2097,cancer.gov
2098,sojern.com
2099,pcgamer.com
2100,deephot.link
2101,fsk-ees.ru
2102,cosme.net
2103,primor.eu
2104,vhx.tv
2105,croma.com
2106,covers.com
2107,futbol24.com
2108,ringpublishing.com
2109,cnbctv18.com
2110,britishcouncil.org
2111,orami.co.id
2112,aastocks.com
2113,elavon.com
2114,hotvideoapp.com
2115,gls-group.eu
2116,spbu.ru
2117,cookie-script.com
2118,tradeinn.com
2119,pima.edu
2120,locum.ru
2121,tlauncher.org
2122,radiant.net
2123,livenation.com
2124,g.co
2125,dhs.gov
2126,zopim.com
2127,domaininfo.com
2128,jalan.net
2129,dantri.com.vn
2130,adaa.org
2131,prensalibre.com
2132,lowes.com
2133,decider.com
2134,minergate.com
2135,gamepass.com
2136,qooh.me
2137,christies.com
2138,washingtonexaminer.com
2139,izooto.com
2140,ipinfodb.com
2141,giallozafferano.it
2142,roistat.com
2143,loc.gov
2144,tapatalk.com
2145,slrclub.com
2146,real.com
2147,unibet.com
2148,a16z.com
2149,eu.com
2150,unpam.ac.id
2151,abdn.ac.uk
2152,lrytas.lt
2153,ifc.org
2154,dagbladet.no
2155,pixlee.com
2156,force.com
2157,economist.com
2158,audible.de
2159,logmeininc.com
2160,bongdaso66.org
2161,president.jp
2162,videojs.com
2163,eurogamer.net
2164,lastline.com
2165,perl.com
2166,shayanews.com
2167,mass.gov
2168,convertkit.com
2169,mycloud.com
2170,hollywoodlife.com
2171,weather.com.cn
2172,citrix.com
2173,python.org
2174,wemod.com
2175,zoznam.sk
2176,ovid.com
2177,braintreepayments.com
2178,xnxx.tv
2179,prudential.com
2180,atg.se
2181,vmware.com
2182,googirl.jp
2183,covers.com
2184,umeng.com
2185,denver7.com
2186,larepublica.pe
2187,livescience.com
2188,mercadolivre.com.br
2189,xycdn.com
2190,r01.ru
2191,slideshare.net
2192,ee.co.uk
2193,laredoute.fr
2194,kooora.com
2195,evike.com
2196,congthuong.vn
2197,elpais.com.co
2198,trade.gov
2199,hello.porn
2200,aei.org
2201,sparkfun.com
2202,onlinesbi.sbi
2203,pornpics.com
2204,gototraining.com
2205,wto.to
2206,spectrum.net
2207,autonews.com
2208,president.jp
2209,actionverb.com
2210,nic.cl
2211,skift.com
2212,myanimelist.net
2213,admin.ch
2214,asagei.com
2215,metamask.io
2216,usda.gov
2217,artstation.com
2218,mlb.com
2219,shalove.net
2220,oneamerica.com
2221,schwab.com
2222,ilsole24ore.com
2223,freesound.org
2224,dhs.gov
2225,prensalibre.com
2226,rubrik.com
2227,cc.com
2228,maariv.co.il
2229,patagonia.com
2230,noticiasaominuto.com
2231,247sports.com
2232,balad.ir
2233,quotidiano.net
2234,msu.edu
2235,xv-videos1.com
2236,amfam.com
2237,ukri.org
2238,poste.it
2239,zdbb.net
2240,hyperallergic.com
2241,ft.com
2242,bestlifeonline.com
2243,thediplomat.com
2244,innity.com
2245,trustedreviews.com
2246,wgntv.com
2247,dcloud.net.cn
2248,centralservers.com
2249,docusign.com
2250,reason.com
2251,blueconic.net
2252,adn.com
2253,libertatea.ro
2254,smarterhq.io
2255,imore.com
2256,metamask.io
2257,tiny.cc
2258,findlaw.com
2259,blueconic.net
2260,audiomack.com
2261,xxxbunker.com
2262,uni-regensburg.de
2263,manganato.com
2264,smashwords.com
2265,columbia.com
2266,ea.com
2267,trulia.com
2268,texasmonthly.com
2269,impact.com
2270,vecernji.hr
2271,sankakucomplex.com
2272,samanage.com
2273,ask.fm
2274,rferl.org
2275,bmstores.co.uk
2276,betinexchange.com
2277,eurowings.com
2278,samsungmax.com
2279,ensighten.com
2280,bartarinha.ir
2281,myfreshworks.com
2282,sharethis.com
2283,bizjournals.com
2284,via.net
2285,cuhk.edu.hk
2286,france.tv
2287,biblestudytools.com
2288,hornbach.de
2289,allafrica.com
2290,lucidchart.com
2291,infusionsoft.com
2292,toshiba.com
2293,xtubecinema.mom
2294,fuegodevida.com
2295,xnxx.com
2296,futura-sciences.com
2297,elbalad.news
2298,football.ua
2299,vmware.com
2300,imgix.net
2301,fabguys.com
2302,babycenter.com
2303,ilrestodelcarlino.it
2304,chicago.gov
2305,sunporno.com
2306,rolex.com
2307,epson.com
2308,letemps.ch
2309,concordia.ca
2310,39.net
2311,hackernoon.com
2312,hyundai.com
2313,stamped.io
2314,kdocs.cn
2315,ipecho.net
2316,myflixerz.to
2317,20min.ch
2318,hostland.ru
2319,clearbit.com
2320,servicenow.com
2321,mgmresorts.com
2322,eurosport.fr
2323,investorplace.com
2324,statnews.com
2325,encyclopedia.com
2326,stiripesurse.ro
2327,lucidchart.com
2328,kent.ac.uk
2329,logme.in
2330,sprinklr.com
2331,la7.it
2332,ruten.com.tw
2333,hexun.com
2334,pewinternet.org
2335,llnl.gov
2336,commbank.com.au
2337,tilda.ws
2338,hochi.news
2339,redbutton.de
2340,ycombinator.com
2341,gorodche.ru
2342,westmarine.com
2343,tumblr.com
2344,windowscentral.com
2345,tirerack.com
2346,itglue.com
2347,ilgiorno.it
2348,redcrossblood.org
2349,schwab.com
2350,law.com
2351,foodnetwork.com
2352,hikvision.com
2353,observador.pt
2354,um.es
2355,comicpark.org
2356,tensor.ru
2357,nationalreview.com
2358,launchdarkly.com
2359,gototraining.com
2360,battwo.com
2361,inverse.com
2362,softpedia.com
2363,saramin.co.kr
2364,lookmovie2.to
2365,sas.com
2366,tmyzer.com
2367,aruba.it
2368,univ-lyon1.fr
2369,brevo.com
2370,freshservice.com
2371,newswise.com
2372,zuimeitianqi.com
2373,justuno.com
2374,virgilio.it
2375,2ch.hk
2376,rstudio.com
2377,sumo.com
2378,thatpervert.com
2379,creativebloq.com
2380,rd.com
2381,admitad.com
2382,sdsu.edu
2383,tlauncher.org
2384,ufiler.pro
2385,ushareit.com
2386,phpbb.com
2387,catho.com.br
2388,heritage.org
2389,last.fm
2390,ethz.ch
2391,pewinternet.org
2392,dnsalias.com
2393,mayoclinic.com
2394,bloglovin.com
2395,gosexpod.com
2396,cell.com
2397,novelcool.com
2398,tildacdn.com
2399,unibet.com
2400,dyndns.tv
2401,radiant.net
2402,classicfm.com
2403,haosou.com
2404,capital.gr
2405,uschamber.com
2406,vox.com
2407,ni.com
2408,mosyle.com
2409,politico.eu
2410,arubainstanton.com
2411,sbnation.com
2412,masuk123.com
2413,state.gov
2414,dtln.ru
2415,suse.com
2416,hotvideoapp.com
2417,gi-de.com
2418,thebay.com
2419,silvermob.com
2420,socialblade.com
2421,emulatorgames.net
2422,haaretz.com
2423,de.com
2424,ucanapply.com
2425,opb.org
2426,indiatimes.com
2427,cochranelibrary.com
2428,lanebryant.com
2429,sephora.fr
2430,beatport.com
2431,nv.gov
2432,ah.nl
2433,cochrane.org
2434,gadgetsnow.com
2435,qvc.jp
2436,pornhat.com
2437,arenabg.com
2438,qvc.com
2439,manganato.com
2440,zhipin.com
2441,ebc.com.br
2442,japantimes.co.jp
2443,airtable.com
2444,washingtonpost.com
2445,brevo.com
2446,latercera.com
2447,liberation.fr
2448,spanishdict.com
2449,unleash-hosted.com
2450,dictionary.com
2451,cuhk.edu.hk
2452,nyu.edu
2453,over-blog.com
2454,gtarcade.com
2455,zoom.us
2456,moneris.com
2457,xnxx.press
2458,reviewjournal.com
2459,basketball-reference.com
2460,chartbeat.net
2461,sendspace.com
2462,espn.ph
2463,servicewebly.com
2464,viamichelin.com
2465,control4.com
2466,lectormanga.com
2467,smzdm.com
2468,mdzol.com
2469,pixhost.to
2470,europe1.fr
2471,sysco.com
2472,eklablog.com
2473,buzzsprout.com
2474,cnblogs.com
2475,videonow.ru
2476,site.com
2477,ipify.org
2478,redflagdeals.com
2479,tdameritrade.com
2480,osha.gov
2481,wien.gv.at
2482,womauktion.com
2483,cvut.cz
2484,bpb.de
2485,ciudad.com.ar
2486,dmm.co.jp
2487,capgemini.com
2488,keralalotteries.net
2489,ipinfo.io
2490,freieporno.com
2491,circle.com
2492,correios.com.br
2493,unfccc.int
2494,webstarts.com
2495,piktochart.com
2496,upworthy.com
2497,pokemon.com
2498,doubleverify.com
2499,wellandgood.com
2500,meb.gov.tr
2501,pingdom.com
2502,g.co
2503,mama.tv
2504,bato.to
2505,asu.edu
2506,journeys.com
2507,radiorecord.ru
2508,academy.com
2509,jacobin.com
2510,tensor.ru
2511,caixabank.es
2512,latercera.com
2513,thesun.ie
2514,wjx.cn
2515,wfu.edu
2516,cuny.edu
2517,flashback.org
2518,ajio.com
2519,imgix.net
2520,romper.com
2521,dbs.com
2522,newrepublic.com
2523,ctvnews.ca
2524,realtor.com
2525,whotrades.com
2526,bmo.com
2527,sync.com
2528,earthsky.org
2529,solarwinds.com
2530,tktube.com
2531,viz.com
2532,india.com
2533,realtor.com
2534,newsmemory.com
2535,catb.org
2536,cquotient.com
2537,ys7.com
2538,mangatoto.org
2539,xvideos2.com
2540,salesforce-sites.com
2541,rockpapershotgun.com
2542,rhombussystems.com
2543,fnp.com
2544,rtl.fr
2545,unipd.it
2546,tue.nl
2547,klix.ba
2548,yakkun.com
2549,recipetineats.com
2550,biblestudytools.com
2551,altmetric.com
2552,jenkins.io
2553,pravda.com.ua
2554,unisa.edu.au
2555,abercrombie.com
2556,polimi.it
2557,lucid.app
2558,upworthy.com
2559,croma.com
2560,gadgetsnow.com
2561,ecobee.com
2562,klix.ba
2563,soccerway.com
2564,anonymised.io
2565,letemps.ch
2566,storysaver.net
2567,bom.gov.au
2568,mtvuutiset.fi
2569,unibet.com
2570,novelcool.com
2571,post-gazette.com
2572,tnt.com
2573,paradoxplaza.com
2574,eventim.de
2575,chunichi.co.jp
2576,tutorialspoint.com
2577,congthuong.vn
2578,directv.com
2579,51cg1.com
2580,zscaler.com
2581,newser.com
2582,skimresources.com
2583,dreamhost.com
2584,tutorialspoint.com
2585,lesoir.be
2586,tabelog.com
2587,prozis.com
2588,imagefap.com
2589,imageshack.com
2590,heavy-r.com
2591,primamedia.ru
2592,vk.team
2593,zoomit.ir
2594,bmstores.co.uk
2595,mercadolibre.com.uy
2596,thehindubusinessline.com
2597,dyndns.tv
2598,ccb.com
2599,tanksblitz.ru
2600,scirp.org
2601,onepeloton.com
2602,constantcontact.com
2603,carfax.com
2604,videonow.ru
2605,hrblock.com
2606,immomo.com
2607,adn.com
2608,microchip.com
2609,evergage.com
2610,sltrib.com
2611,twilio.com
2612,androidcentral.com
2613,toyota.com
2614,nicematin.com
2615,venmo.com
2616,freepik.com
2617,247sports.com
2618,wangyuespa.vip
2619,easyjet.com
2620,qxwz.com
2621,over-blog.com
2622,boston.com
2623,lifo.gr
2624,atlanticbb.net
2625,frontapp.com
2626,internshala.com
2627,xfinity.com
2628,shaw.ca
2629,wemod.com
2630,maxifoot.fr
2631,dinetime.com
2632,ucoz.com
2633,elpais.com.uy
2634,wipo.int
2635,moveworks.com
2636,cnn.com
2637,mariadb.org
2638,tmyzer.com
2639,habitaclia.com
2640,siemens.de
2641,fatherly.com
2642,hku.hk
2643,staseraintv.com
2644,prettylittlething.com
2645,evony.com
2646,ctvnews.ca
2647,virginatlantic.com
2648,gravitec.net
2649,townwork.net
2650,sisal.it
2651,vietnamnet.vn
2652,pingdom.net
2653,longisland.com
2654,marketplace.org
2655,sixt.com
2656,fireeye.com
2657,hao123.com
2658,ariba.com
2659,nsportal.ru
2660,hgtv.com
2661,karger.com
2662,insiderintelligence.com
2663,windowscentral.com
2664,ccb.com
2665,lastline.com
2666,gumtree.co.za
2667,citizensadvice.org.uk
2668,joyreactor.cc
2669,eluniverso.com
2670,bu.edu
2671,iherb.com
2672,weatherbug.com
2673,zalora.co.id
2674,doctoreto.com
2675,pp.ua
2676,ce.cn
2677,chicagobusiness.com
2678,telia.com
2679,nginx.com
2680,womauktion.com
2681,monash.edu.au
2682,trainman.in
2683,nzherald.co.nz
2684,ariba.com
2685,consultant.ru
2686,51.la
2687,thermofisher.com
2688,llnl.gov
2689,audiomack.com
2690,rustore.ru
2691,audible.com
2692,frandroid.com
2693,eurosport.fr
2694,dazeddigital.com
2695,youzan.com
2696,chunichi.co.jp
2697,nbcmiami.com
2698,weather.com
2699,xnxx115.com
2700,inquirer.com
2701,hola.com
2702,tmcnet.com
2703,patagonia.com
2704,fdating.com
2705,vidverto.io
2706,kff.org
2707,e-recht24.de
2708,hqporner.com
2709,onefootball.com
2710,lnk.to
2711,jezebel.com
2712,appier.net
2713,buscape.com.br
2714,the-sun.com
2715,jianshu.com
2716,itglue.com
2717,whatmobile.com.pk
2718,dailysabah.com
2719,overheid.nl
2720,rubrik.com
2721,schoology.com
2722,hindustantimes.com
2723,wunderground.com
2724,caradisiac.com
2725,babylist.com
2726,almasryalyoum.com
2727,enterprise.com
2728,corel.com
2729,enterprise.com
2730,republicworld.com
2731,r01.ru
2732,pearltrees.com
2733,livetex.ru
2734,ascopubs.org
2735,pgatour.com
2736,sap.com
2737,metal-archives.com
2738,nit.pt
2739,pisofiph.com
2740,axs.com
2741,streamguys1.com
2742,rootsweb.com
2743,rapidssl.com
2744,xfinity.com
2745,investorplace.com
2746,semana.com
2747,tate.org.uk
2748,segment.io
2749,yowindow.com
2750,novofon.com
2751,namnak.com
2752,umsu.ac.id
2753,redirectingat.com
2754,ceskatelevize.cz
2755,usmint.gov
2756,inps.it
2757,theintercept.com
2758,chemistwarehouse.com.au
2759,truste.com
2760,rakuten.net
2761,gamenet.ru
2762,arduino.cc
2763,eiu.com
2764,gadgets360.com
2765,goto.com
2766,lectormanga.com
2767,locondo.jp
2768,nseindia.com
2769,rudderlabs.com
2770,pulsechain.com
2771,thescore.com
2772,marieclaire.com
2773,nyc.gov
2774,pp.ua
2775,nethouse.ru
2776,cgtn.com
2777,dmm.co.jp
2778,htx.com
2779,fitgirl-repacks.site
2780,yakkun.com
2781,adaa.org
2782,convio.net
2783,mcgraw-hill.com
2784,alabama.gov
2785,nbcwashington.com
2786,wish.com
2787,woot.com
2788,alhurra.com
2789,wral.com
2790,shopdisney.com
2791,whoscored.com
2792,weglot.com
2793,solodeportes.com.ar
2794,nami.org
2795,loggly.com
2796,montevideo.com.uy
2797,streamguys.net
2798,xnxx.luxe
2799,lytics.io
2800,quay.io
2801,lazada.co.id
2802,anaconda.com
2803,provincial.com
2804,uk.com
2805,theync.com
2806,businessinsider.in
2807,quovadisglobal.com
2808,espn.com.ve
2809,thuvienphapluat.vn
2810,samsungelectronics.com
2811,dyndns.biz
2812,site.com
2813,madmimi.com
2814,siteforce.com
2815,space.com
2816,purelovers.com
2817,sebrae.com.br
2818,stumbleguys.com
2819,mozillazine.org
2820,xvideos5.com
2821,sendinblue.com
2822,av.by
2823,porndig.com
2824,smule.com
2825,dto.to
2826,herominers.com
2827,uchile.cl
2828,melia.com
2829,javmix.tv
2830,mscdirect.com
2831,typingtest.com
2832,uk.com
2833,skipthegames.com
2834,uline.com
2835,nrel.gov
2836,people.com.cn
2837,brasil247.com
2838,gamma.app
2839,kanald.com.tr
2840,ucd.ie
2841,moodys.com
2842,ok.porn
2843,tiaa.org
2844,oprah.com
2845,viamichelin.com
2846,staseraintv.com
2847,babycenter.com
2848,charitynavigator.org
2849,cartier.com
2850,ethz.ch
2851,teacherspayteachers.com
2852,thuvienphapluat.vn
2853,1gb.ru
2854,west.cn
2855,mayoclinic.com
2856,goodporn.to
2857,libertatea.ro
2858,utro.ru
2859,honda.com
2860,jpmorgan.com
2861,schoology.com
2862,pardot.com
2863,tfl.gov.uk
2864,foreignpolicy.com
2865,sap.com
2866,3hentai.net
2867,minepi.com
2868,desjardins.com
2869,real.com
2870,medscape.com
2871,philstar.com
2872,yellowpages.com
2873,talksport.com
2874,gotoresolve.com
2875,vodafone.com
2876,firefaucet.win
2877,silvermob.com
2878,wikimapia.org
2879,gkg.net
2880,rituals.com
2881,tildacdn.com
2882,demilked.com
2883,trulia.com
2884,mbga.jp
2885,xvideos5.com
2886,cdc.gov
2887,consultant.ru
2888,domaininfo.com
2889,rhombussystems.com
2890,jpmchase.com
2891,gamesindustry.biz
2892,umaryland.edu
2893,laprensa.hn
2894,massgeneral.org
2895,huobi.com
2896,dhlparcel.nl
2897,zippyshare.com
2898,qvc.de
2899,teamspeak.com
2900,zapier.com
2901,chartbeat.com
2902,creditonebank.com
2903,ddd-smart.net
2904,adr.org
2905,ntlworld.com
2906,toto.nl
2907,livechatinc.com
2908,naftemporiki.gr
2909,drtuber.com
2910,ets.org
2911,turnitin.com
2912,alelo.com.br
2913,join.chat
2914,abbott.com
2915,bestbuy.com
2916,thehindu.com
2917,eurowings.com
2918,iwm.org.uk
2919,academy.com
2920,empik.com
2921,livechatinc.com
2922,uam.es
2923,volvocars.com
2924,abnamro.nl
2925,hku.hk
2926,ceskatelevize.cz
2927,rd.com
2928,villagevoice.com
2929,720yun.com
2930,mangatoto.org
2931,xad.com
2932,siemens.de
2933,nationalreview.com
2934,thebay.com
2935,hrblock.com
2936,muji.com
2937,skipthegames.com
2938,bombuj.si
2939,futura-sciences.com
2940,dyndns.biz
2941,2ch.hk
2942,kiwi.com
2943,snapfish.com
2944,mosyle.com
2945,oracle.com
2946,sprinklr.com
2947,toyota.com
2948,ajc.com
2949,zoomit.ir
2950,heapanalytics.com
2951,mercadopago.com
2952,displate.com
2953,freepatentsonline.com
2954,telenor.dk
2955,fender.com
2956,xvideos3.com
2957,apollopharmacy.in
2958,uk2.net
2959,parklogic.com
2960,immomo.com
2961,tirerack.com
2962,impress.co.jp
2963,gsk.com
2964,sicomasp.com
2965,exponential.com
2966,mojekrpice.rs
2967,capital.gr
2968,otempo.com.br
2969,evernote.com
2970,senate.gov
2971,servicetitan.com
2972,romaniatv.net
2973,semana.com
2974,ovh.co.uk
2975,redirectingat.com
2976,barclays.co.uk
2977,pravda.com.ua
2978,td.com
2979,autohome.com.cn
2980,jive.com
2981,goto.com
2982,caixa.gov.br
2983,mdzol.com
2984,mscdirect.com
2985,moveworks.com
2986,catb.org
2987,deathspank.com
2988,econsultancy.com
2989,mk.ru
2990,fing.com
2991,myqnapcloud.com
2992,techradar.com
2993,athenahealth.com
2994,landsend.com
2995,ecnavi.jp
2996,servicenow.com
2997,kugou.net
2998,ucd.ie
2999,robertsspaceindustries.com
3000,edf.fr
3001,insiderintelligence.com
3002,tv-tokyo.co.jp
3003,plati.market
3004,profinance.ru
3005,aagag.com
3006,motherjones.com
3007,pastemagazine.com
3008,qpyou.cn
3009,720yun.com
3010,sumome.com
3011,jetpack.com
3012,nyu.edu
3013,freshbooks.com
3014,pricesmart.com
3015,espn.co.uk
3016,usgs.gov
3017,hsbc.com.hk
3018,nsctotal.com.br
3019,nhm.ac.uk
3020,zhihu.com
3021,wfxs.com.tw
3022,miwifi.com
3023,venmo.com
3024,electrodepot.fr
3025,fortnitetracker.com
3026,foreca.fi
3027,jofogas.hu
3028,nvidia.com
3029,yiv.com
3030,speakerdeck.com
3031,mordorintelligence.com
3032,guitarcenter.com
3033,spring.io
3034,robertsspaceindustries.com
3035,docdroid.net
3036,duke-energy.com
3037,doterra.com
3038,keurig.com
3039,fing.com
3040,python.ca
3041,quovadisglobal.com
3042,ostkcdn.com
3043,rijksoverheid.nl
3044,fanfox.net
3045,swin.edu.au
3046,zergnet.com
3047,state.gov
3048,parklogic.com
3049,ruhr24.de
3050,myexternalip.com
3051,wien.gv.at
3052,treasuredata.com
3053,wv.gov
3054,india.com
3055,heapanalytics.com
3056,rustore.ru
3057,bloomberght.com
3058,gkg.net
3059,nginx.com
3060,attwifi.com
3061,kpmg.com
3062,canadiantire.ca
3063,essence.com
3064,autocar.co.uk
3065,jpmorganchase.com
3066,sinchew.com.my
3067,jacobin.com
3068,barracudacentral.org
3069,virginatlantic.com
3070,bris.ac.uk
3071,shopch.jp
3072,acmeaom.com
3073,impact.com
3074,travelers.com
3075,personio.de
3076,ce.cn
3077,telenor.dk
3078,comingsoon.net
3079,webstroy.ru
3080,palmettostatearmory.com
3081,unisa.edu.au
3082,onethingpcs.com
3083,quicksetcloud.com
3084,brookings.edu
3085,nbcwashington.com
3086,moneycontrol.com
3087,xnxx3.com
3088,adelement.com
3089,gulfnews.com
3090,mozillazine.org
3091,janeapp.com
3092,sisal.it
3093,essence.com
3094,boulanger.com
3095,ovh.co.uk
3096,hkjc.com
3097,asos.com
3098,dyson.cn
3099,factcheck.org
3100,tenten.vn
3101,ndtv.in
3102,percona.com
3103,crosswalk.com
3104,impress.co.jp
3105,coxautoinc.com
3106,mgmresorts.com
3107,telus.com
3108,grid.id
3109,rtvslo.si
3110,sap-ag.de
3111,personio.de
3112,lrb.co.uk
3113,prokerala.com
3114,randomhouse.com
3115,smule.com
3116,wps.cn
3117,mercadolibre.com.uy
3118,tudocelular.com
3119,do-reg.jp
3120,xnxx.gift
3121,logmeinrescue.com
3122,ipecho.net
3123,panoramio.com
3124,mto.to
3125,yaklass.ru
3126,ovh.ca
3127,hollisterco.com
3128,sazka.cz
3129,gamesindustry.biz
3130,logos.com
3131,levi.com
3132,ets.org
3133,jneurosci.org
3134,1tv.ru
3135,jorudan.co.jp
3136,serieously.com
3137,simeji.me
3138,xmegaxvideoxxx.com
3139,cbc.ca
3140,karger.com
3141,freelancer.com
3142,marvel.com
3143,salesforce.com
3144,optimizely.com
3145,cyberark.com
3146,beacons.ai
3147,powerinboxedge.com
3148,lesoir.be
3149,avant.si
3150,comparitech.com
3151,locondo.jp
3152,washingtonexaminer.com
3153,magazineluiza.com.br
3154,docusign.com
3155,avada.io
3156,xmeye.net
3157,digitalguardian.com
3158,nortonlifelock.com
3159,jp.net
3160,minergate.com
3161,userpilot.io
3162,i.ua
3163,oecd.org
3164,imf.org
3165,cityam.com
3166,locum.ru
3167,360cities.net
3168,oecd.org
3169,porndr.com
3170,hotzxgirl.com
3171,xn--pckua2a7gp15o89zb.com
3172,sinclairstoryline.com
3173,thinkingdata.cn
3174,timeanddate.com
3175,arduino.cc
3176,advangelists.com
3177,corel.com
3178,cvshealth.com
3179,inmotionhosting.com
3180,lmu.de
3181,americanbar.org
3182,last.fm
3183,weather.com
3184,tilda.ws
3185,gigabyte.com
3186,hindawi.com
3187,provincial.com
3188,chartbeat.com
3189,tomtom.com
3190,laprensa.hn
3191,logmein.com
3192,download.vn
3193,opb.org
3194,sltrib.com
3195,exacttarget.com
3196,sciencemag.org
3197,doubtnut.com
3198,hmv.co.jp
3199,wish.com
3200,yinzcam.com
3201,rivian.com
3202,gsk.com
3203,medtronic.com
3204,infobae.com
3205,ankr.com
3206,cdc.gov
3207,square.site
3208,blitz.bg
3209,mymodernmet.com
3210,888scoreonline.net
3211,so-net.ne.jp
3212,catho.com.br
3213,cc.com
3214,zdbb.net
3215,unwomen.org
3216,heavy-r.com
3217,wn.com
3218,kosmo.com.my
3219,bbc.com
3220,livemaster.ru
3221,telphin.ru
3222,ocnk.net
3223,so-net.ne.jp
3224,livenation.com
3225,nic.ru
3226,salute.gov.it
3227,mercola.com
3228,batotwo.com
3229,oprah.com
3230,xbox.com
3231,deutschepost.de
3232,wenming.cn
3233,abs-cbn.com
3234,smooch.io
3235,tiaa.org
3236,nypost.com
3237,questdiagnostics.com
3238,nitc.gov.np
3239,healthsherpa.com
3240,rakuten.net
3241,elitedaily.com
3242,protothema.gr
3243,milenio.com
3244,nortonlifelock.com
3245,ubuntu.com
3246,uark.edu
3247,stesti.cz
3248,unwomen.org
3249,rferl.org
3250,dtag.de
3251,getgreenshot.org
3252,decathlon.in
3253,trainman.in
3254,launchdarkly.com
3255,toshiba.com
3256,kabum.com.br
3257,xiaoyi.com
3258,peraichi.com
3259,hackaday.com
3260,thawte.com
3261,force9.net
3262,siteforce.com
3263,bolavip.com
3264,colorado.edu
3265,france.tv
3266,shutterfly.com
3267,capgemini.com
3268,glip.com
3269,nefisyemektarifleri.com
3270,powr.io
3271,rummycircle.com
3272,swr.de
3273,chabad.org
3274,wn.com
3275,freedom.ne.jp
3276,elpalaciodehierro.com
3277,gucci.com
3278,rivian.com
3279,iu.edu
3280,workable.com
3281,itb.ac.id
3282,sixt.com
3283,pingdom.com
3284,vfsglobal.com
3285,grapee.jp
3286,eventbrite.com
3287,monash.edu.au
3288,goibibo.com
3289,europapress.es
3290,dongjiaospa.vip
3291,eurosport.com
3292,maxifoot.fr
3293,xvideos.es
3294,supremecourt.gov
3295,newsbomb.gr
3296,meteo.gr
3297,myqnapcloud.com
3298,authorize.net
3299,rakuten.co.jp
3300,mediafire.com
3301,emory.edu
3302,fantia.jp
3303,php.net
3304,openstax.org
3305,thelevelup.com
3306,elections.eg
3307,att.com
3308,fdic.gov
3309,entrepreneur.com
3310,nybooks.com
3311,twilio.com
3312,1tv.ru
3313,mbga.jp
3314,unblog.fr
3315,21cineplex.com
3316,hpe.com
3317,bain.com
3318,elcolombiano.com
3319,comiko.net
3320,popt.in
3321,aagag.com
3322,justuno.com
3323,jamesclear.com
3324,fireeye.com
3325,autoexpress.co.uk
3326,ecobee.com
3327,veeam.com
3328,teepublic.com
3329,shopdisney.com
3330,kidshealth.org
3331,wheelofnames.com
3332,dinetime.com
3333,smooch.io
3334,ipify.org
3335,grandstream.com
3336,zeno.fm
3337,ipinfo.io
3338,aph.gov.au
3339,food.com
3340,food.com
3341,protothema.gr
3342,homes.co.jp
3343,news1.kr
3344,dollargeneral.com
3345,thefreelibrary.com
3346,hostnet.nl
3347,diamond.jp
3348,rongbachkim.com
3349,sciencedaily.com
3350,activecampaign.com
3351,china.org.cn
3352,earthsky.org
3353,dnsalias.com
3354,newrepublic.com
3355,sportradarserving.com
3356,cochrane.org
3357,tamasha.com
3358,wacom.com
3359,digicert.com
3360,tn.com.ar
3361,torrentgalaxy.to
3362,mvideo.ru
3363,elpalaciodehierro.com
3364,smithsonianmag.com
3365,printful.com
3366,janeapp.com
3367,ceros.com
3368,depositphotos.com
3369,lowes.com
3370,kdocs.cn
3371,sciencemag.org
3372,free.fr
3373,techradar.com
3374,herominers.com
3375,ringcentral.com
3376,gname.net
3377,thesun.co.uk
3378,kinnser.net
3379,moack.co.kr
3380,sdna.gr
3381,almasryalyoum.com
3382,whotrades.com
3383,avgbrowser.com
3384,logmeinrescue.com
3385,opensource.com
3386,lg.com
3387,ready.gov
3388,lmu.de
3389,nic.it
3390,canada.ca
3391,pelmorex.com
3392,cox.com
3393,sofascore.com
3394,gotomeeting.com
3395,mobilevikings.be
3396,gamedistribution.com
3397,xnxx.com
3398,de.com
3399,polimi.it
3400,athome.com
3401,nation.africa
3402,cdkeys.com
3403,javlibrary.com
3404,xvideos51.com
3405,townnews.com
3406,plesk.com
3407,apnews.com
3408,globalresearch.ca
3409,tv2.no
3410,hyundai.com
3411,alohatube.com
3412,convertkit.com
3413,sevstar.net
3414,delta.com
3415,gizmodo.jp
3416,mysql.com
3417,bristol.ac.uk
3418,powr.io
3419,loc.gov
3420,grist.org
3421,tvguide.com
3422,ifconfig.me
3423,oupeng.com
3424,iu.edu
3425,mercadolibre.cl
3426,micron.com
3427,writing.com
3428,youth.cn
3429,datezone.com
3430,fravega.com
3431,ted.com
3432,tukif.com
3433,nbcphiladelphia.com
3434,python.org
3435,recipetineats.com
3436,monash.edu
3437,montevideo.com.uy
3438,netsuite.com
3439,starbucks.com
3440,trackwrestling.com
3441,worldstarhiphop.com
3442,copyright.gov
3443,pornpics.com
3444,surge.sh
3445,edweek.org
3446,rappler.com
3447,nola.com
3448,macaro-ni.jp
3449,neimanmarcus.com
3450,pro-football-reference.com
3451,sporx.com
3452,internshala.com
3453,mikrotik.com
3454,3m.com
3455,illinois.gov
3456,prokerala.com
3457,bom.gov.au
3458,izooto.com
3459,wps.cn
3460,barracudacentral.org
3461,government.nl
3462,lexmark.com
3463,fortnitetracker.com
3464,arm.com
3465,russianfood.com
3466,harvestapp.com
3467,pte.hu
3468,theiet.org
3469,oricon.co.jp
3470,jalan.net
3471,wellandgood.com
3472,tickets.com
3473,freeservers.com
3474,minted.com
3475,hto.to
3476,unsw.edu.au
3477,techrepublic.com
3478,solvay.com
3479,authy.com
3480,ee.co.uk
3481,national-lottery.co.uk
3482,ucf.edu
3483,macys.com
3484,snapfish.com
3485,mercadopago.com.ar
3486,faradeed.ir
3487,nguoiquansat.vn
3488,cinemablend.com
3489,ipv6-test.com
3490,startech.com.bd
3491,tonyrobbins.com
3492,eater.com
3493,man7.org
3494,engageya.com
3495,sonic.net
3496,chatbro.com
3497,wjx.cn
3498,mercadolibre.com.ar
3499,fordham.edu
3500,m-w.com
3501,motherjones.com
3502,medtronic.com
3503,360cities.net
3504,mercola.com
3505,intercom.com
3506,edweek.org
3507,cnil.fr
3508,crealitycloud.com
3509,tv2.no
3510,laposte.fr
3511,xvideos4.com
3512,arbeitsagentur.de
3513,avg.com
3514,badambiz.com
3515,solvay.com
3516,allstate.com
3517,earthlink.net
3518,citigroup.com
3519,bmo.com
3520,inverse.com
3521,gosquared.com
3522,edutopia.org
3523,myvi.in
3524,sigmaaldrich.com
3525,rockpapershotgun.com
3526,electrodepot.fr
3527,mediapost.com
3528,savethechildren.org
3529,moneycontrol.com
3530,hindustantimes.com
3531,treasuredata.com
3532,chinaz.com
3533,ready.gov
3534,liberation.fr
3535,eyoucms.com
3536,mail2world.com
3537,nova.edu
3538,hpe.com
3539,myanimelist.net
3540,winnipegfreepress.com
3541,afrinic.net
3542,pointi.jp
3543,espn.com.ve
3544,dailysabah.com
3545,magyarnemzet.hu
3546,luc.edu
3547,ornl.gov
3548,mindmegette.hu
3549,nypost.com
3550,pewresearch.org
3551,ebc.com.br
3552,escapefromtarkov.com
3553,zuora.com
3554,rts.ch
3555,bruteprotect.com
3556,anyclip.com
3557,mediafire.com
3558,salesforceliveagent.com
3559,batch.com
3560,namnak.com
3561,thehindu.com
3562,bambulab.com
3563,aviationweather.gov
3564,mysql.com
3565,pandasecurity.com
3566,sportsmans.com
3567,natrohost.com
3568,teepublic.com
3569,radiorecord.ru
3570,fozzy.com
3571,travelchannel.com
3572,key.com
3573,51.la
3574,oracle.com
3575,nsk.ne.jp
3576,macaro-ni.jp
3577,viasat.com
3578,cibc.com
3579,stonybrook.edu
3580,moneris.com
3581,spektrum.de
3582,nit.pt
3583,goodreads.com
3584,asos.com
3585,ixigo.com
3586,knigavuhe.org
3587,dingdong39710.com
3588,truepush.com
3589,atomicorp.com
3590,inmotionhosting.com
3591,simplemachines.org
3592,readmangabat.com
3593,weightwatchers.com
3594,mrporter.com
3595,elavon.com
3596,happycolorapp.com
3597,abcactionnews.com
3598,livemaster.ru
3599,storysaver.net
3600,activehosted.com
3601,abtasty.com
3602,mangapark.net
3603,solvvy.com
3604,katespade.com
3605,climate.gov
3606,autoevolution.com
3607,logos.com
3608,meteofrance.com
3609,uschamber.com
3610,mobilevikings.be
3611,dafont.com
3612,mass.gov
3613,telphin.ru
3614,rhs.org.uk
3615,foreca.fi
3616,sina.com.cn
3617,xboxlive.com
3618,yuanshen.com
3619,allstate.com
3620,directv.com
3621,fatherly.com
3622,myfreshworks.com
3623,factcheck.org
3624,tokyomotion.net
3625,smbcnikko.co.jp
3626,foreignpolicy.com
3627,basspro.com
3628,optinmonster.com
3629,indiamart.com
3630,wshareit.com
3631,ohio.gov
3632,knigavuhe.org
3633,micron.com
3634,charter.com
3635,mayo.edu
3636,pocketcasts.com
3637,monash.edu
3638,emarketer.com
3639,renren.com
3640,hgtv.com
3641,pornhat.one
3642,eltiempo.es
3643,cvshealth.com
3644,vans.com
3645,futbol24.com
3646,baseball-reference.com
3647,mmc.com
3648,sharethis.com
3649,pydata.org
3650,dni.gov
3651,showroom-live.com
3652,charitynavigator.org
3653,css-tricks.com
3654,reason.com
3655,ifconfig.me
3656,trustedreviews.com
3657,qt.io
3658,tokyomotion.net
3659,space.com
3660,vox.com
3661,e-recht24.de
3662,movieboxpro.app
3663,hexun.com
3664,mheducation.com
3665,eventim.de
3666,ys7.com
3667,zoom.com.br
3668,cargosmart.com
3669,medscape.com
3670,iastate.edu
3671,krushmedia.com
3672,viglink.com
3673,so.com
3674,thatgamecompany.com
3675,linode.com
3676,ok.xxx
3677,xumo.com
3678,creditonebank.com
3679,destructoid.com
3680,redalyc.org
3681,deutschepost.de
3682,namesilo.com
3683,newsnow.co.uk
3684,wv.gov
3685,bambulab.com
3686,enel.it
3687,lenovo.com
3688,meizu.com
3689,imperva.com
3690,relateiq.com
3691,theadvocate.com
3692,fozzy.com
3693,axs.com
3694,shoppersdrugmart.ca
3695,sunporno.com
3696,tomsguide.com
3697,desjardins.com
3698,hotzxgirl.com
3699,cosme.net
3700,ivi.ru
3701,fanfox.net
3702,av.by
3703,userpilot.io
3704,antena3.ro
3705,xvideos.com
3706,jekyllrb.com
3707,videojs.com
3708,docdroid.net
3709,showroom-live.com
3710,nexusmods.com
3711,gravitec.net
3712,jianshu.com
3713,eiga.com
3714,aa.com
3715,firstpost.com
3716,site777.jp
3717,transunion.com
3718,jpmchase.com
3719,tomshardware.com
3720,melia.com
3721,manhwatop.com
3722,asagei.com
3723,ccma.cat
3724,fodors.com
3725,myexternalip.com
3726,gamestop.com
3727,usmint.gov
3728,thinkgeek.com
3729,namesilo.com
3730,max.porn
3731,imperva.com
3732,dantri.com.vn
3733,ciudad.com.ar
3734,bartarinha.ir
3735,utraff.com
3736,diigo.com
3737,ubuntu.com
3738,sonicwall.com
3739,worldbank.org
3740,attachmail.ru
3741,peplink.com
3742,samsungelectronics.com
3743,kapanlagi.com
3744,delta.com
3745,imf.org
3746,contentinsights.com
3747,chess-results.com
3748,uni-regensburg.de
3749,salesforcescrt.com
3750,hola.com
3751,ilrestodelcarlino.it
3752,radiofrance.fr
3753,cplusplus.com
3754,kaspersky.ru
3755,sudouest.fr
3756,oxcs.net
3757,unfccc.int
3758,dateinasia.com
3759,homesandgardens.com
3760,gm.com
3761,iranjib.ir
3762,engageya.com
3763,moodys.com
3764,imageban.ru
3765,vtr.net
3766,mathworks.com
3767,dongjiaospa.vip
3768,alaskaair.com
3769,urbanup.com
3770,linode.com
3771,storeland.ru
3772,qvc.jp
3773,vnexpress.net
3774,2345.com
3775,pbworks.com
3776,thejakartapost.com
3777,ucr.edu
3778,akamai.com
3779,dnaindia.com
3780,yako.red
3781,absa.co.za
3782,theweek.com
3783,entrust.net
3784,playbill.com
3785,meteo.gr
3786,thecrimson.com
3787,cartier.com
3788,wiley.com
3789,elespectador.com
3790,xvideos3.com
3791,cinepolis.com
3792,deephot.link
3793,skimresources.com
3794,skysports.com
3795,frontapp.com
3796,wri.org
3797,boulanger.com
3798,wikimapia.org
3799,reshak.ru
3800,geotrust.com
3801,iastate.edu
3802,mic.com
3803,td.com
3804,optonline.net
3805,torrentfreak.com
3806,leengame.com
3807,okxxx1.com
3808,shuzilm.cn
3809,eso.org
3810,samsung.com
3811,polygon.com
3812,gumtree.co.za
3813,culture.ru
3814,alhurra.com
3815,sunnyportal.com
3816,xvideos2.com
3817,lg.com
3818,yourtango.com
3819,panorama9.com
3820,happycolorapp.com
3821,badambiz.com
3822,umblr.com
3823,centene.com
3824,fabswingers.com
3825,dur.ac.uk
3826,uni-wuerzburg.de
3827,saso.gov.sa
3828,typingerz.com
3829,argos.co.uk
3830,calendly.com
3831,inosmi.ru
3832,keysight.com
3833,massgeneral.org
3834,arenabg.com
3835,proper.io
3836,federalreserve.gov
3837,ama-assn.org
3838,cochranelibrary.com
3839,retty.me
3840,whatmobile.com.pk
3841,ndtv.in
3842,playinexch.com
3843,rstudio.com
3844,nsportal.ru
3845,spectrum.net
3846,uquiz.com
3847,sevstar.net
3848,freevideo.cz
3849,vhlcentral.com
3850,grid.id
3851,mcm.ru
3852,talbots.com
3853,gls-group.eu
3854,betinexchange.com
3855,kompas.tv
3856,thefreedictionary.com
3857,transunion.com
3858,rutube.ru
3859,zomato.com
3860,service-now.com
3861,pantip.com
3862,syfy.com
3863,roistat.com
3864,viz.com
3865,shutterstock.com
3866,dezeen.com
3867,aqsi.ru
3868,thalesgroup.com
3869,theweathernetwork.com
3870,storeland.ru
3871,bluekai.com
3872,onlinepbx.ru
3873,avis.com
3874,goldmansachs.com
3875,video.az
3876,optimizely.com
3877,iherb.com
3878,mcgill.ca
3879,perfectgirls.xxx
3880,telstra.com.au
3881,eroprofile.com
3882,lacounty.gov
3883,birkenstock.com
3884,vihub.ru
3885,homesandgardens.com
3886,infura.io
3887,avis.com
3888,m-w.com
3889,sportradarserving.com
3890,earthlink.net
3891,ahcdn.com
3892,ahcdn.com
3893,doubleverify.com
3894,nottingham.ac.uk
3895,voetbalprimeur.nl
3896,kickstarter.com
3897,atlanticbb.net
3898,icai.org
3899,salesforce-sites.com
3900,segment.io
3901,onethingpcs.com
3902,kerio.com
3903,streamguys1.com
3904,itmedia.co.jp
3905,surge.sh
3906,caradisiac.com
3907,citynews.ca
3908,arubainstanton.com
3909,jointraining.com
3910,washingtonpost.com
3911,victoriassecret.com
3912,pantip.com
3913,sinclairstoryline.com
3914,espn.ph
3915,telus.com
3916,cookie-script.com
3917,slobodnadalmacija.hr
3918,itmedia.co.jp
3919,ovh.com
3920,redbutton.de
3921,copyright.gov
3922,findlaw.com
3923,yektanet.com
3924,thingspeak.com
3925,familyhandyman.com
3926,naftemporiki.gr
3927,iamcook.ru
3928,islandluck.com
3929,tvguide.com
3930,infura.io
3931,streamguys.net
3932,basketball-reference.com
3933,dizinc.com
3934,gorodche.ru
3935,joyreactor.cc
3936,newyorkfed.org
3937,pornhat.com
3938,idrive.com
3939,viamichelin.fr
3940,rg.ru
3941,kapanlagi.com
3942,banahosting.com
3943,us.com
3944,callrail.com
3945,koreaherald.com
3946,jpmorganchase.com
3947,accenture.com
3948,divephotoguide.com
3949,xiaoxintv.net
3950,salesforce-scrt.com
3951,ericsson.com
3952,superpages.com
3953,sargarmiyerooz.ir
3954,moe.gov.sa
3955,rappler.com
3956,christianitytoday.com
3957,storyblok.com
3958,bni.co.id
