1,17track.net
2,1ucn.com
3,350.com
4,511ga.org
5,511la.org
6,58.com
7,78500.cn
8,888milano.club
9,9377.com
10,a-a-ah.ru
11,abacusemedia.com
12,abcmoteur.fr
13,academhelpers.com
14,academictransfer.com
15,accumula.co
16,aclu.org
17,acos.no
18,adobe-master.ru
19,agencyaccess.com
20,aiany.org
21,akm.ru
22,alisaznaet.ru
23,allergypartners.com
24,almouggar.com
25,amazona.de
26,amourlee.com
27,amplex.net
28,amvideo-msk.ru
29,anvio.com
30,aoxybutan.com
31,apke.ru
32,apptrace.com
33,arabcenterdc.org
34,arthrite.ca
35,asaps.it
36,asko.host
37,asse.com
38,atomy.kz
39,atomy.uk
40,atomy.uz
41,aurelia.io
42,autofutures.tv
43,autotuning.expert
44,avtogermes.ru
45,avtonomnoeteplo.ru
46,awo-unterfranken.de
47,aypf.org
48,az511.com
49,backiee.com
50,baldorinterim.ro
51,bariloche2000.com
52,barrier.ru
53,baxi.es
54,bbongbra.co.kr
55,bch.org
56,beginlearning.io
57,beigic.com
58,bestaccessdoors.com
59,beton-kommunar.ru
60,bibliocms.com
61,bibliquest.net
62,bigdadni.com
63,biggreenegg.com
64,bintray.com
65,bjbioway.com
66,bjlhlawyer.com
67,blackline.com
68,bluecorpservice.com
69,bng.games
70,bongosbingo.co.uk
71,book-fair.com
72,bououtdoorstore.com
73,bronirui-online.ru
74,bronxzoo.com
75,buchmesse.de
76,buergerklub-tirol.at
77,businessmanagementdaily.com
78,byc-news.de
79,bymalenebirger.com
80,cad.ru
81,calstar.cn
82,carparts-fixture.com
83,carpla.vn
84,cartier.com.br
85,casebook.ru
86,ccr.com.tw
87,centenoschultz.com
88,ceresit.ru
89,chameleonresumes.com
90,changhong.com
91,charteredbus.in
92,chip.travel
93,chistayasloboda.ru
94,chuanghengda.com
95,chudopredki.ru
96,cifnews.com
97,cin7.com
98,citymeals.org
99,clinicalsup.jp
100,cluberesolve.com
101,coachfoundation.com
102,coastalcourier.com
103,codeshare.io
104,codota.com
105,coed.com
106,collectui.com
107,collisionconf.com
108,completo.ru
109,conocimientolibre.ec
110,converia.de
111,coolotvet.ru
112,costofwar.com
113,covnews.com
114,creativebeartech.com
115,csc86.com
116,csibeszkemagazin.hu
117,cubewise.com
118,customs.news
119,cynteka.ru
120,daiphatbakery.com.vn
121,daracard.co
122,data.gov.ua
123,daynotes.ru
124,denisjurin.ru
125,dereeze.com
126,devcontact.com
127,dextronet.com
128,dhisco.com
129,dict.com
130,dinorank.com
131,directlending.com.my
132,divjoy.com
133,docnhanh.vn
134,doctorswithoutborders.org
135,doerken.com
136,dolinapozitiva.ru
137,dolinasad.by
138,dolphinimaging.com
139,dondusang.net
140,donjon.ru
141,driver-web.jp
142,drjsnatural.com
143,dslyy.com
144,dvfx.ru
145,e-ipar.ru
146,e-side.co.jp
147,ecircle.de
148,ecu.com
149,ed-union.ru
150,edabit.com
151,edcoproducts.com
152,edeka24.de
153,edfinity.com
154,editionstextuel.com
155,einstein.edu
156,electromoto.net
157,elenaartnails.com
158,elesa.com
159,ellabache.com.au
160,emarsys.us
161,emby.media
162,eminacosmetics.com
163,eng4school.ru
164,esavdo.uz
165,esdaf.com
166,esmile-24.com
167,essaysmate.com
168,essaystudio.org
169,everlane.com
170,evolvingseo.com
171,exploroz.com
172,expotobi.com
173,eyekraft.ru
174,failoobmenik.ru
175,fcenter.ru
176,fcomputer.dk
177,featuredcustomers.com
178,fedomo.ru
179,filecity.co.kr
180,finzz.ru
181,flightlogger.net
182,flo.com.kz
183,flydex.ru
184,flynnohara.com
185,flyuia.com
186,fnv.nl
187,fnvbouw.nl
188,fondrgs.ru
189,forecast.co.uk
190,foroabogado.com
191,fractory.com
192,free-fortune.jp
193,freebusy.io
194,fstbm.ac.ma
195,fstopgear.com
196,funmedia.co.ke
197,g-group.global
198,gaala.com
199,gbtribune.com
200,geckobooking.dk
201,gektor-dveri.ru
202,genum.ru
203,germanfoods.org
204,get-native.eu
205,gettune.pro
206,getworm.com
207,getzowie.com
208,gifs.com
209,giganet.iq
210,glyphsearch.com
211,golfhouse.de
212,goodeats.io
213,goqr.me
214,grace-hotels.ru
215,gryaze-zashhita.ru
216,gtarcade.com
217,gzwhir.com
218,happymonday.ua
219,harrypottermagicawakened.com
220,health-diet.ru
221,hej.sk
222,herbanacosmetics.com
223,heylink.com
224,hgrinc.com
225,hiver.co.kr
226,hkri.com
227,hnhw.com
228,hometown.in
229,homeworkfor.me
230,homeworkneeded.com
231,hosiene.co.uk
232,hostelsclub.com
233,hoveround.com
234,hsbclife.com.sg
235,hsbcprivatebank.com
236,humane.edu.ec
237,hydro.org
238,ibreviary.com
239,ibreviary.org
240,icaforsakring.se
241,ideenweberei.com
242,igry.ru
243,iha.com.tr
244,ilomantsi.fi
245,in4out.ch
246,info-box24.ru
247,infodaymedia.com
248,inkdata.cn
249,insighealth.com
250,instella.ru
251,intercentrohn.com
252,internetofbusiness.com
253,intoglobal.com
254,investingdaily.com
255,irmagazine.com
256,isae.fr
257,it-serv.ru
258,itland.ru
259,itongzhuo.com
260,ivalua.com
261,ivlv.me
262,jfrog.com
263,jfrog.org
264,jinshuju.net
265,jumparena.vn
266,k-for.ru
267,kalsey.com
268,karibiya.ru
269,kasa.cz
270,katazu.com
271,kateigaho.com
272,kinetix.com.tr
273,kinokard.ru
274,kinto.be
275,kj.media
276,kluswijs.nl
277,ko-kirov.ru
278,kodakpixpro.com
279,koffkindom.ru
280,korablik.ru
281,kotikokki.net
282,krepcom.ru
283,lacasadelelectrodomestico.com
284,lacoste.pl
285,lacoste.ua
286,lancloud.ru
287,laserdoctor.ru
288,leica-microsystems.com
289,lenspure.com
290,leroy-merlin-catalog.ru
291,lighthouseapp.com
292,literaguru.ru
293,litokol.ru
294,lo-net2.de
295,logmycare.co.uk
296,logora.fr
297,louis.info
298,lte-anbieter.info
299,lumberjack.com.tr
300,luxurycard.co.jp
301,maccreteil.com
302,managemymarket.com
303,manbuwl.com
304,manicatoerp.com
305,manifo.com
306,marisapeer.com
307,marketkonekt.com
308,marutaka-iryo.co.jp
309,masllo.com
310,masoson.com
311,mastersluh-krasnodar.ru
312,maxpro.online
313,mcruises.ru
314,medcenter74.ru
315,mediatech-cx.com
316,medisorb.ru
317,megaflowers.ru
318,megapolis-it.ru
319,megaxt.com
320,mention.com
321,meteorama.fr
322,metromart.ge
323,minetogether.io
324,mintmeasure.com
325,missetam.nl
326,mithun.com
327,mmm-tasty.ru
328,mmohelper.ru
329,mobileguardian.com
330,moda-dlya-polnyh.ru
331,mognotak.ru
332,monetise.com.au
333,monograph.com
334,monta.app
335,monte-mare.de
336,moscowclimate.ru
337,motoracingshop.com
338,motoreasy.com
339,moyasotka.com
340,mrq.com
341,mydentistmsk.ru
342,myfeelback.com
343,mytrainpal.com
344,nain.co.kr
345,nansen.ai
346,nara-kankou.or.jp
347,nashiimena.ru
348,naz.edu
349,neoglory.ru
350,netfarm.it
351,netoptic.be
352,newsli.ru
353,nibavlifts.in
354,nichinichi-magazine.com
355,nicopuchi.jp
356,nijiyome.com
357,nikon.ru
358,ninewest.com.tr
359,nissan.com.ec
360,njrjk.com
361,nomore.org
362,notpot.com
363,novospress.ru
364,nrcki.ru
365,nursingessaywriting.com
366,nvroads.com
367,nyaquarium.com
368,oadts.com
369,oasiis.fr
370,oborona.ru
371,octane.jp
372,octoly.com
373,odilo.us
374,oepbk.com
375,officerreports.net
376,offthegridnews.com
377,ogscapital.com
378,oikonomou-shop.gr
379,okairos.gr
380,okwoww.com
381,oldbk.com
382,omron.eu
383,onfirstup.com
384,onfirstup.eu
385,onoutbukax.ru
386,oodji.com
387,openfire.fr
388,openkeys.de
389,order-meiraku.jp
390,osakacastle.net
391,osakacastlepark.jp
392,ozweek.ru
393,paintnite.com
394,panjin.gov.cn
395,panopticpen.space
396,papercheap.co.uk
397,papercoach.net
398,parcelplatform.com
399,paruluniversity.online
400,patfun.com
401,payanyway.ru
402,pearson.com.hk
403,pen-online.jp
404,penti.com.ro
405,percept.ai
406,perfectbody.me
407,peter-wohlleben.de
408,phadvocates.org
409,phdkingdom.com
410,phoenixhnr.co.kr
411,photoservice.com
412,pin-up-casino.pro
413,pin-up-slot.kz
414,pinup-azerbaijan.com
415,pishugramotno.ru
416,pitax.pl
417,planttext.com
418,playredfox.com
419,plick.se
420,plti.co.id
421,pomnivsegda.ru
422,popularpatch.com
423,positivno.me
424,positron-shop.com
425,posudamart.ru
426,pravoslavyy.ru
427,prensaobrera.com
428,prostovideo.xyz
429,provita.ru
430,psycop.ru
431,psypedprofi.ru
432,ptengine.com
433,ptengine.jp
434,publicwelfare.org
435,pvtrans.com
436,qqhr.gov.cn
437,quierocakes.com
438,qvinci.com
439,raurisertal.at
440,rbc.com
441,rbcinsurance.com
442,rbcroyalbank.com
443,rbintel.com
444,realtyofmaine.com
445,redballoon.com.au
446,reduslim.at
447,reduslim.health
448,reedukacja.pl
449,remauto.by
450,remsanuzel.ru
451,reply.io
452,rescue-uk.org
453,revitonica.ru
454,rhitcr.com
455,riaauto.ru
456,riahealth.com
457,rimilia.com
458,rinconzen.cl
459,riseconf.com
460,roaringapps.com
461,robek.ru
462,rollingstonejapan.com
463,roomadmin.pl
464,roomble.com
465,roomertravel.com
466,rosettaproject.org
467,roulette-simulator.info
468,rrcki.ru
469,rtl.lu
470,ru09.ru
471,runail.ru
472,rus-lodki.ru
473,rusmarine.ru
474,russian7.ru
475,s-bahn-berlin.de
476,s2brf.ru
477,safetica.com
478,saint-joseph.org
479,samarajames.com
480,sanjing3c.com.tw
481,sarouty.ma
482,sats.se
483,sbahn.berlin
484,scentwear.kr
485,seedcom.vn
486,sekreti-domovodstva.ru
487,sensa.health
488,servershop24.de
489,sharik.ru
490,shpak-vinograd.com.ua
491,shtrafy-gibdd.ru
492,signagelive.com
493,skupkamsk.site
494,sleep-and-smile.ru
495,slobodna-bosna.ba
496,sloncom.ru
497,socialindoor.com
498,sockerslovers.com
499,sofabargain.co.uk
500,soft-plus.ru
501,softwaresamm.com
502,solnyshco.com
503,sonypictures.net
504,soundgator.com
505,southspanking.com
506,spiceology.com
507,spockee.io
508,sport2000.nl
509,sportive.com.tr
510,sportzania.ru
511,srikvrtravels.com
512,srisovki.com
513,srsbooking.com
514,stabilo-fachmarkt.de
515,stapico.ru
516,startiss.com.br
517,stavtrack.ru
518,steezy.co
519,steuererklaerung.de
520,stheys.com
521,sto.com
522,stormrock.fr
523,strd.ru
524,streetauthority.com
525,submithub.com
526,subsidii.net
527,suntcontent.se
528,superannotate.com
529,sxl.cn
530,sxlcdn.com
531,sxruyo.com
532,syntrawest.be
533,tagankateatr.ru
534,taipanschmuck.de
535,talkiatry.com
536,talkphotography.co.uk
537,targoman.ir
538,tarifkin.ru
539,tarsasjatekok.com
540,tattoo-love.ru
541,tbilisi.gov.ge
542,tden.ru
543,team-ulm.de
544,teester.com
545,termemerano.it
546,termo.land
547,terreseteaux.fr
548,texno-sad.by
549,textmp3.ru
550,textron-zapchasti.ru
551,theartstory.org
552,thebiggest.ru
553,thefarside.com
554,theotokos.fr
555,thetrainpal.co.uk
556,tigerofsweden.com
557,tigervikram.com
558,timeua.info
559,tooeasyenglish.com
560,topgame.co
561,topshoe.nl
562,tproekt.com
563,trafficguard.ai
564,tramscloud.co.uk
565,travelfish.org
566,travelklima.de
567,travelmarket.dk
568,treksandtrails.org
569,trengo.com
570,tryexponent.com
571,tryinteract.com
572,tspb.su
573,tss.ru
574,turboupload.com
575,turkiyegazetesi.com.tr
576,turlockjournal.com
577,uhrenlounge.de
578,usonar.co.jp
579,usradiology.com
580,ustroim-prazdnik.info
581,uwe.ac.uk
582,vammebel.ru
583,vellisa.ru
584,vhod.kz
585,vhyundai.ru
586,vieon.vn
587,vipflash.de
588,vitisocial.com
589,vitro.com
590,vkusno-i-prosto.ru
591,vlookoptical.com
592,vogtlandkreis.de
593,vogue.com.tr
594,vpentest.io
595,vsee.me
596,vvupup.com
597,waff.at
598,waix.ru
599,wanhu.com.cn
600,washerbest.com
601,waywrite.com
602,wealthim.ru
603,webapp4you.eu
604,websummit.com
605,websummit.net
606,whatagraph.com
607,wifigid.ru
608,wikingerstadt-schleswig.de
609,wis-international.com
610,wmx.ch
611,womance.ca
612,womenalia.com
613,write-paper-for-me.online
614,writeanessayfor.me
615,writecustom.com
616,writemypaper.io
617,writercenter.ru
618,wtexpo.net
619,wundertax.de
620,xero.gg
621,xn----7sbfhguawpe1a6pf.xn--90ais
622,xn----8sbemuhsaeiwd9h5a9c.xn--p1ai
623,xn----9sb2ahmle.xn--p1ai
624,xn--80adisjrabgmddejf2n.xn--p1ai
625,xn--80aodq4af.xn--90ais
626,xn--d1abbgf6aiiy.xn--p1ai
627,yareel.com
628,yaymaker.com
629,yepsonline.org
630,yjcqhy.com
631,yourdost.com
632,youtuberepeat.com
633,zaikai.jp
634,zauna.ru
635,zetaprint.ru
636,zhongchengfdc.com
637,zkvtc.edu.cn
638,zojoji.or.jp
639,zonasporta.com
640,zwillingsherz.com
