1,whmcs.com
2,everyaction.com
3,rosewoodhotels.com
4,crainsdetroit.com
5,nemzetisport.hu
6,salesforce-experience.com
7,whatfix.com
8,urbanmatter.com
9,crucial.com.au
10,firstpromoter.com
11,kalibrr.com
12,wiu.edu
13,builders.co.za
14,cengage.com
15,liu.edu
16,mine.nu
17,kcrw.com
18,vinepair.com
19,fortinet.com
20,austinchronicle.com
21,pytorch.org
22,shift4shop.com
23,lytics.io
24,mbusa.com
25,screamingfrog.co.uk
26,bmwusa.com
27,rakuten-card.co.jp
28,rowman.com
29,outkick.com
30,lezhinus.com
31,startuptalky.com
32,titan.email
33,sproutvideo.com
34,depor.com
35,saddleback.edu
36,revolve.com
37,grapeshot.co.uk
38,spectrumvoip.com
39,angi.com
40,mainwp.com
41,dur.ac.uk
42,dyndns.tv
43,modernfarmer.com
44,acefitness.org
45,lwolf.com
46,logme.in
47,dnchosting.com
48,invesco.com
49,zaobao.com
50,360psg.com
51,marcus.com
52,givingtuesday.org
53,ipstack.com
54,domestika.org
55,jobappnetwork.com
56,obsev.com
57,econlib.org
58,srnhosting.net
59,nordpass.com
60,acenet.edu
61,grantcardone.com
62,affordableconnectivity.gov
63,stonewall.org.uk
64,wosp.org.pl
65,keywordblocks.com
66,hostpoint.ch
67,adafruit.com
68,rebtel.com
69,adapty.io
70,analog.com
71,macworld.co.uk
72,exxen.com
73,bellevuereporter.com
74,bloombergquint.com
75,netlify.app
76,bankone.com
77,jagran.com
78,bookshop.org
79,api.org
80,wfmz.com
81,pionline.com
82,tripit.com
83,project-syndicate.org
84,mol.im
85,shopmyexchange.com
86,saib.com.sa
87,afr.com
88,lifelock.com
89,polskieradio.pl
90,homegoods.com
91,prizepicks.com
92,likuid.com
93,broadstreetads.com
94,commonwealthfund.org
95,gpk.eu
96,alinma.com
97,cheapism.com
98,westernunion.com
99,tickettailor.com
100,socialmediaweek.org
101,gyazo.com
102,siteforce.com
103,al-monitor.com
104,zagat.com
105,subsplash.com
106,castbox.fm
107,uk2.net
108,thenorthface.com
109,foody.vn
110,juneauempire.com
111,mopar.com
112,hostek.com
113,drishtiias.com
114,albion.edu
115,sustainablebrands.com
116,filepicker.io
117,laptopmag.com
118,beusable.net
119,fuseuniversal.com
120,simplified.com
121,gitkraken.com
122,marja.az
123,wtfast.com
124,mobihealthnews.com
125,leagueapps.com
126,cadence.com
127,mediapost.com
128,creativepro.com
129,coolermaster.com
130,racgp.org.au
131,thesun.co.uk
132,jimmyjohns.com
133,eurosport.de
134,sap.com
135,jamesbeard.org
136,warontherocks.com
137,cyberhaven.io
138,xbit.jp
139,sprzedajemy.pl
140,p-bandai.jp
141,westhost.com
142,shsu.edu
143,redis.io
144,creately.com
145,dailycaller.com
146,uhg.com
147,livingasone.com
148,biblestudytools.com
149,midi.org
150,perfil.com
151,kddi.com
152,manufacturing.net
153,wufoo.com
154,adelaidenow.com.au
155,uvu.edu
156,ung.edu
157,homelinux.net
158,kurashiru.com
159,netapp.com
160,crainsnewyork.com
161,christianbook.com
162,manchester.ac.uk
163,urologyhealth.org
164,talkspace.com
165,tudocelular.com
166,addsearch.com
167,desk.com
168,theoutbound.com
169,swiftype.com
170,sweatco.in
171,naturallycurly.com
172,mhi.com
173,logly.co.jp
174,elnuevodia.com
175,dyndns.biz
176,infosys.com
177,3m.com
178,translate.com
179,triviatoday.com
180,mymove.com
181,ledger.com
182,huffingtonpost.com.au
183,virginpulse.com
184,postscript.io
185,searchserverapi.com
186,surlatable.com
187,centerpointenergy.com
188,edulastic.com
189,manycam.com
190,sciencemuseum.org.uk
191,id.me
192,bidgear.com
193,dipcon.com
194,tildacdn.com
195,chestnet.org
196,niagahoster.co.id
197,trendhunter.com
198,worksmobile.com
199,iai-system.com
200,americanscientist.org
201,dollartree.com
202,safeco.com
203,hotfile.com
204,gapinc.com
205,wpmet.com
206,popupsmart.com
207,free-ebooks.net
208,radissonhotelsamericas.com
209,hubinternational.com
210,tomorrowland.com
211,multacom.com
212,pq.hosting
213,kueski.com
214,aftermarket.pl
215,snai.it
216,drchrono.com
217,opinionstage.com
218,williams.com
219,atlasvpn.com
220,beritaharian.sg
221,foodnetwork.com
222,mixhost.jp
223,radissonhotels.com
224,hypr.com
225,churchofjesuschrist.org
226,bancomundial.org
227,orientaltrading.com
228,oceana.org
229,eprize.com
230,lockheedmartin.com
231,dyndns.info
232,spe.org
233,amica.com
234,echosign.com
235,rferl.org
236,pilotflyingj.com
237,awwwards.com
238,man.ac.uk
239,ert.gr
240,fabulous.com
241,adobe.co.jp
242,creditkarma.com
243,asos.com
244,sdsu.edu
245,jlcpcb.com
246,sphdigital.com
247,adpushup.com
248,theinfatuation.com
249,benefitspro.com
250,clicksoftware.com
251,design-milk.com
252,winnipegfreepress.com
253,gazetaprawna.pl
254,cambridgeenglish.org
255,brooksbrothers.com
256,concert.io
257,hitachivantara.com
258,techhive.com
259,dtn.com
260,du.ae
261,webassign.net
262,canterbury.ac.nz
263,cunard.com
264,hult.edu
265,mprnews.org
266,starapps.studio
267,tissotwatches.com
268,tubefilter.com
269,papercut.com
270,clinique.com
271,brooksrunning.com
272,go.to
273,healthcarefinancenews.com
274,mercuryinsurance.com
275,teamusa.org
276,netrefer.com
277,ama.org
278,furusato-tax.jp
279,hds.com
280,smartwaiver.com
281,delinea.com
282,portent.com
283,keka.com
284,theedgemarkets.com
285,lshtm.ac.uk
286,gradesfixer.com
287,futuretools.io
288,pirelli.com
289,speaker.gov
290,omahasteaks.com
291,lbc.co.uk
292,angieslist.com
293,olympic.org
294,gifts.com
295,getgocdn.com
296,lacoste.com
297,haikudeck.com
298,agar.io
299,ipqualityscore.com
300,sky.de
301,miamioh.edu
302,hbonordic.com
303,caremark.com
304,aia.org
305,pagseguro.com.br
306,randomhouse.com
307,salesforce-sites.com
308,bengo4.com
309,um.edu.mt
310,dentsu.com
311,overdrive.com
312,spie.org
313,learnworlds.com
314,levels.fyi
315,rechargeapps.com
316,hiro.so
317,pcrm.org
318,tkassets.com
319,gold.org
320,mattermost.com
321,travelzoo.com
322,newsmax.com
323,sony.co.jp
324,dpworld.com
325,volvogroup.com
326,whoscored.com
327,vtdigger.org
328,wtatennis.com
329,kerbalspaceprogram.com
330,mycast.io
331,voot.com
332,spectator.co.uk
333,avaya.com
334,seatgeek.com
335,lavoz.com.ar
336,style.com
337,inline.app
338,heavy.com
339,gotomypc.com
340,newzealand.com
341,humanesociety.org
342,workspaceair.com
343,hh.kz
344,glossgenius.com
345,esbnyc.com
346,t3.com
347,honeywell.com
348,moving.com
349,atv.com.tr
350,uaf.edu
351,kamihq.com
352,avalara.com
353,metro-set.ru
354,marketingcloud.com
355,join.chat
356,nbc.com
357,savingplaces.org
358,between.us
359,sonyclassics.com
360,synology.com
361,build.com
362,alteryx.com
363,csx.com
364,gravityforms.com
365,ie.edu
366,esc.edu
367,bna.com.ar
368,ocnk.net
369,hoover.org
370,interactivebrokers.com
371,manhattan-institute.org
372,gradle.org
373,hitta.se
374,fujifilm-x.com
375,hbomax.com
376,vmwareidentity.com
377,veritas.com
378,logikcull.com
379,raconteur.net
380,saksoff5th.com
381,helpcrunch.com
382,iprimus.com.au
383,tripwire.com
384,sony.net
385,cmegroup.com
386,onthenet.com.au
387,mysynchrony.com
388,irishnews.com
389,eliteprospects.com
390,peardeck.com
391,omnicomm.ru
392,tnt.com
393,cibc.com
394,cbiz.com
395,ispsystem.com
396,triphobo.com
397,gamewith.jp
398,irishcentral.com
399,erau.edu
400,the74million.org
401,orst.edu
402,unsw.edu.au
403,informs.org
404,bling.com.br
405,vcn.com
406,statnews.com
407,empowher.com
408,lightstep.com
409,dynalias.com
410,thebump.com
411,paramount.com
412,cinvestav.mx
413,dorzeczy.pl
414,navyfcu.org
415,etopaz.az
416,jove.com
417,itworld.com
418,cbsi.com
419,johnsoncontrols.com
420,taxfoundation.org
421,mazdausa.com
422,easel.ly
423,cru.org
424,weber.com
425,webglobe.sk
426,iwopop.com
427,vegnews.com
428,antuit.ai
429,israel21c.org
430,ecolab.com
431,electroneum.com
432,cvut.cz
433,namecheap.com
434,sonarsource.com
435,neolms.com
436,albacross.com
437,bnnbloomberg.ca
438,escardio.org
439,customer.io
440,blacklivesmatter.com
441,rhul.ac.uk
442,primis.tech
443,salesforcescrt.com
444,demandware.com
445,upcloud.com
446,austincc.edu
447,masteryconnect.com
448,maccosmetics.com
449,iberia.com
450,intellectualreserveinc.org
451,rtx.com
452,buy.com
453,turbologo.com
454,rd.com
455,discovery.com
456,loyno.edu
457,appbaqend.com
458,autoexpress.co.uk
459,philips.com
460,phemex.com
461,salesforce-scrt.com
462,visionofhumanity.org
463,lufthansa.com
464,mathway.com
465,timernet.ru
466,anm.co.uk
467,penguinrandomhouse.ca
468,webhostingpad.com
469,streak.com
470,bose.com
471,sfn.org
472,personalizationmall.com
473,ledevoir.com
474,evertonfc.com
475,cloud86.nl
476,peta.org
477,cas.org
478,chatelaine.com
479,berniesanders.com
480,netlify.com
481,lokalise.co
482,bgr.in
483,cambridgeinternational.org
484,xn--pckua2a7gp15o89zb.com
485,litmos.com
486,motortrend.com
487,citizensbankonline.com
488,adobe.ly
489,dxc.technology
490,netacad.com
491,visitphilly.com
492,msstate.edu
493,scribehow.com
494,carecredit.com
495,thrustmaster.com
496,newstatesman.com
497,mcmaster.ca
498,ecu.edu.au
499,deepmind.com
500,bankofscotland.co.uk
501,lloydsbankinggroup.com
502,nortonlifelock.com
503,pashabank.az
504,sim-networks.com
505,samsungmobile.com
506,dolap.com
507,adl.org
508,voanews.com
509,alorica.com
510,scu.edu.au
511,ncsl.org
512,anuncioscitas.com
513,warhammer-community.com
514,costar.com
515,cathaypacific.com
516,atitesting.com
517,authentisign.com
518,hamariweb.com
519,ewtn.com
520,servage.net
521,algolia.com
522,burton.com
523,openweb.com
524,myjewishlearning.com
525,mun.ca
526,ariba.com
527,svoboda.org
528,tempo.co
529,malwarebytes.com
530,oraclecloud.com
531,optinmonster.com
532,alphonso.tv
533,tailwindapp.com
534,interestingengineering.com
535,icmarkets.com
536,designmodo.com
537,explore.org
538,amobee.com
539,bisnis.com
540,playbill.com
541,buyma.com
542,rmbl.ws
543,stan.com.au
544,algolianet.com
545,purewow.com
546,xero.com
547,acog.org
548,visitdubai.com
549,partsgeek.com
550,inc42.com
551,cashview.com
552,chocolateplatform.com
553,pratt.edu
554,saucelabs.com
555,cashfree.com
556,xm.com
557,blackcrow.ai
558,maxar.com
559,rippling.com
560,oregonstate.edu
561,kohler.com
562,iqoption.com
563,iceland.co.uk
564,bounceexchange.com
565,thejakartapost.com
566,madamenoire.com
567,thegrocer.co.uk
568,up.com
569,bankmandiri.co.id
570,huffingtonpost.co.uk
571,monocle.com
572,bgr.com
573,adobesign.com
574,midwayusa.com
575,keen.io
576,openwrt.org
577,dxc.com
578,higheredjobs.com
579,umanitoba.ca
580,totalwine.com
581,documentforce.com
582,samsungelectronics.com
583,banan.cz
584,proprofs.com
585,topshop.com
586,york.ac.uk
587,thebay.com
588,inshur.com
589,samsung.com.cn
590,commonwealth.com
591,allot.com
592,sailthru.com
593,inshorts.com
594,hostnet.lv
595,omelete.com.br
596,bitmaster.ru
597,concur.com
598,frontify.com
599,gizmodo.jp
600,statmuse.com
601,hrsa.gov
602,umbler.com
603,poperblocker.com
604,vivino.com
605,syngenta.com
606,mitiendanube.com
607,stress.org
608,uow.edu.au
609,sc.edu
610,wink.com
611,zoro.com
612,banco.bradesco
613,mizrahi-tefahot.co.il
614,viz.com
615,clickpay.com
616,dfrobot.com
617,homes.com
618,discover.com
619,hotellook.com
620,playtech.ro
621,mojang.com
622,rrpproxy.net
623,jta.org
624,flypgs.com
625,njit.edu
626,customeriomail.com
627,eskimi.com
628,attentivemobile.com
629,influence.co
630,whisper.sh
631,computerworld.com
632,newyorklife.com
633,admin.net.pl
634,revcontent.com
635,donationalerts.com
636,sph.com.sg
637,ashleyfurniture.com
638,qgiv.com
639,biz.net.id
640,luminate.com
641,thefader.com
642,grasshopper.com
643,ladbrokes.com
644,searchanise.com
645,kandji.io
646,landsend.com
647,hosting24.com
648,renesas.com
649,yesmagazine.org
650,kitco.com
651,crosscut.com
652,pollstar.com
653,uslegalforms.com
654,moveworks.ai
655,samaritanspurse.org
656,kwejk.pl
657,independent.org
658,girlscouts.org
659,bulgari.com
660,hud.ac.uk
661,nursingworld.org
662,sinsay.com
663,wef.org
664,code.com
665,frieze.com
666,toptenreviews.com
667,beautiful.ai
668,architecture.com
669,teamspeak.com
670,dyn.com
671,dodo.com.au
672,site.com
673,speedpay.com
674,ebc.net.tw
675,rightnowmedia.org
676,slidemodel.com
677,carmax.com
678,glasswire.com
679,fineartamerica.com
680,basis.net
681,rubrik.com
682,womansworld.com
683,pch.com
684,bostonglobe.com
685,ncat.edu
686,jumpcloud.com
687,blubrry.com
688,getbeamer.com
689,obozrevatel.com
690,mda.org
691,massmutual.com
692,campaignmonitor.com
693,selfip.com
694,macobserver.com
695,hotspotshield.com
696,coachfederation.org
697,familyhandyman.com
698,mbl.is
699,psychz.net
700,doctorswithoutborders.org
701,skymail.net.br
702,screendaily.com
703,riverside.fm
704,takaratomy.co.jp
705,mediawayss.com
706,exponea.com
707,economictimes.com
708,uiowa.edu
709,sapsf.eu
710,lastpass.com
711,ebates.com
712,twu.edu
713,snhu.edu
714,agilixbuzz.com
715,currenttime.tv
716,bullhornstaffing.com
717,musinsa.com
718,weworkremotely.com
719,macworld.com
720,nea-fast.com
721,hofstra.edu
722,fis-ski.com
723,arcpublishing.com
724,dailytelegraph.com.au
725,uwstout.edu
726,scranton.edu
727,siteadvisor.com
728,capitalfm.com
729,cardconnect.com
730,showtv.com.tr
731,comenity.net
732,twinprime.com
733,ihrsa.org
734,beanstack.com
735,admetricspro.com
736,webull.com
737,northbeam.io
738,real.com
739,hindawi.com
740,seoptimer.com
741,unas.eu
742,pmi.org
743,smsbump.com
744,extremenetworks.com
745,dtcc.edu
746,voetbalprimeur.nl
747,terminix.com
748,trtworld.com
749,tasteofhome.com
750,ubc.ca
751,kajabi.com
752,monotype.com
753,close.com
754,worldphone.in
755,athome.com
756,usccb.org
757,skiddle.com
758,force-user-content.com
759,thelott.com
760,riskified.com
761,undeveloped.com
762,sms-activate.org
763,la-z-boy.com
764,hypothes.is
765,givelively.org
766,princetonreview.com
767,aus.com
768,ignum.cz
769,optumbank.com
770,revenuecat.com
771,fairygodboss.com
772,caixinglobal.com
773,la7.it
774,pixelsquid.com
775,internationalstudent.com
776,bibliu.com
777,libertymutual.com
778,metamask.io
779,host-telecom.com
780,harvesthoc.com
781,adobelogin.com
782,dailydot.com
783,regions.com
784,autonews.com
785,reviews.co.uk
786,globest.com
787,dimofinf.net
788,guitarworld.com
789,estrategiaconcursos.com.br
790,mnsu.edu
791,unitedhealthgroup.com
792,guard.io
793,macpaw.com
794,slideteam.net
795,grattis.ru
796,bill.com
797,swinburne.edu.au
798,ramp.com
799,specialolympics.org
800,ballotpedia.org
801,citadel.edu
802,alodokter.com
803,sleeknote.com
804,constructconnect.com
805,elliman.com
806,steelbrick.com
807,jblearning.com
808,cronometer.com
809,boxcast.com
810,lloydsbank.co.uk
811,ultraedit.com
812,adobeconnect.com
813,changiairport.com
814,listrak.com
815,notamedia.com
816,cyberport.de
817,nxp.com
818,esrb.org
819,homedns.org
820,dan.hosting
821,swin.edu.au
822,dagospia.com
823,virginatlantic.com
824,directtv.com
825,flant.com
826,readwise.io
827,philips.co.uk
828,infoworld.com
829,revouninstaller.com
830,cio.com
831,explorelearning.com
832,ezyvet.com
833,myplate.gov
834,pbtech.co.nz
835,coral.co.uk
836,dreamlab.pl
837,elanco.com
838,bipartisanpolicy.org
839,rocketnews24.com
840,pushnami.com
841,brandwatch.com
842,setapp.com
843,aviationweek.com
844,tvinsider.com
845,bancamiga.com
846,moshtix.com.au
847,mobily.com.sa
848,skillbox.ru
849,emeraldgrouppublishing.com
850,woothemes.com
851,purevpn.com
852,iezvu.com
853,lokalise.com
854,inside-games.jp
855,spbtv.com
856,expressnews.com
857,successfactors.com
858,pixieset.com
859,wdc.com
860,directnic.com
861,datorama.com
862,goodfood.com.au
863,desidime.com
864,costco.ca
865,miamiandbeaches.com
866,pontofrio.com.br
867,sdpnoticias.com
868,salk.edu
869,ionos.es
870,golfgalaxy.com
871,rebrickable.com
872,texaschildrens.org
873,propertyfinder.ae
874,cmt.com
875,ports.se
876,aitcom.net
877,chilipiper.com
878,cod.edu
879,cookappsgames.com
880,cosentino.com
881,slickstream.com
882,liketoknow.it
883,networkworld.com
884,housing.com
885,sharemylesson.com
886,ferguson.com
887,advisory.com
888,coachingfederation.org
889,technical.ly
890,doctor.com
891,propellerads.com
892,seeking.com
893,livechatinc.com
894,threadless.com
895,lwv.org
896,gunosy.com
897,tripleseat.com
898,ctwant.com
899,travelweekly.com
900,splonline.com.sa
901,tapfiliate.com
902,pitchbook.com
903,idp.com
904,ifad.org
905,qnap.com
906,inforum.com
907,uillinois.edu
908,patheos.com
909,templatemonster.com
910,patientpop.com
911,payu.com
912,dailyvoice.com
913,braiins.com
914,sciencefriday.com
915,thehealthy.com
916,iata.org
917,frontgatetickets.com
918,sptimes.com
919,trilltrill.jp
920,lent.az
921,midco.net
922,shopltk.com
923,newyorkfed.org
924,benjerry.com
925,alaraby.co.uk
926,mg.co.za
927,ldoceonline.com
928,bookbub.com
929,thetimes.co.uk
930,programiz.com
931,plerdy.com
932,bookmark.com
933,thetab.com
934,timewarnercable.com
935,ucr.edu
936,bradsdeals.com
937,jornada.com.mx
938,auanet.org
939,podcastone.com
940,sapsf.com
941,hrc.org
942,mayoclinichealthsystem.org
943,silive.com
944,citrix.com
945,magazineluiza.com.br
946,tnr.com
947,gusto.com
948,vitacost.com
949,fmcna.com
950,uonbi.ac.ke
951,touchofmodern.com
952,zid.sa
953,thesun.ie
954,caixin.com
955,aflcio.org
956,pixpa.com
957,percipio.com
958,dyson.hu
959,austrian.com
960,billygraham.org
961,freshome.com
962,churchleaders.com
963,instant-gaming.com
964,buymeacoffee.com
965,vyond.com
966,report.az
967,deltadentalins.com
968,oprah.com
969,unisys.com
970,fubiz.net
971,bitdefender.net
972,auspost.com.au
973,on.net
974,nau.edu
975,daangn.com
976,hidemyass.com
977,mweb.co.za
978,marketleader.com
979,lyzico.com
980,imonomy.com
981,wondershare.com
982,te.eg
983,nesine.com
984,ge.com
985,newson6.com
986,bonprix.de
987,unip.br
988,hbonow.com
989,st.com
990,gosquared.com
991,loksatta.com
992,dealerspike.com
993,clipstudio.net
994,dyndns-ip.com
995,goldbelly.com
996,bestlifeonline.com
997,berklee.edu
998,gitconnected.com
999,aoa.org
1000,1inch.io
1001,express.com
1002,cjdropshipping.com
1003,imax.com
1004,carid.com
1005,guitarcenter.com
1006,forextime.com
1007,lincoln.com
1008,wyzant.com
1009,nationalreview.com
1010,snapcomms.com
1011,wandera.com
1012,pcworld.com
1013,discoverfinancial.com
1014,alaskaair.com
1015,graphisoft.com
1016,zety.com
1017,bybit.com
1018,bc.edu
1019,availity.com
1020,wpml.org
1021,vietnamairlines.com
1022,microchip.com
1023,ncsu.edu
1024,wttc.org
1025,undark.org
1026,pushpay.com
1027,net-a-porter.com
1028,lolipop.jp
1029,amplifi.com
1030,lbry.com
1031,ultradns.info
1032,timberland.com
1033,schoolsfirstfcu.org
1034,animate-onlineshop.jp
1035,shop-pro.jp
1036,australia.com
1037,magnumphotos.com
1038,passkey.com
1039,wurl.com
1040,ehealthmedicare.com
1041,helpwire.com
1042,healthstream.com
1043,danas.rs
1044,impel.io
1045,firebox.com
1046,amplify.com
1047,productplan.com
1048,cuanschutz.edu
1049,dickinson.edu
1050,sre.gob.mx
1051,sfdcsec.com
1052,miamiherald.com
1053,robokiller.com
1054,reviewed.com
1055,gdconf.com
1056,hrw.org
1057,netsuite.com
1058,alexanderstreet.com
1059,purestorage.com
1060,eviivo.com
1061,samedayessay.com
1062,zeplin.io
1063,heteml.jp
1064,savethechildren.net
1065,ticketleap.com
1066,mexc.com
1067,assurant.com
1068,utsa.edu
1069,philips.de
1070,booklive.jp
1071,idntimes.com
1072,gotdns.com
1073,nur.kz
1074,pearljam.com
1075,mypoints.com
1076,theweek.co.uk
1077,pncbank.com
1078,dubsado.com
1079,powtoon.com
1080,duluthnewstribune.com
1081,shopclues.com
1082,nh-hotels.com
1083,teradata.com
1084,jobs2web.com
1085,cvs.com
1086,royalholloway.ac.uk
1087,synthesia.io
1088,sport24.gr
1089,musiciansfriend.com
1090,vans.com
1091,salsalabs.com
1092,montblanc.com
1093,usp.org
1094,olympics.com
1095,blitztesting.com
1096,reverbnation.com
1097,dunkindonuts.com
1098,surfeasy.com
1099,eet-china.com
1100,sirved.com
1101,oceanconservancy.org
1102,eventsair.com
1103,homeip.net
1104,ensilo.com
1105,foreflight.com
1106,atomicorp.com
1107,helium10.com
1108,innocenceproject.org
1109,mayoclinic.com
1110,ultimatelysocial.com
1111,servicenow.com
1112,americantowns.com
1113,fidh.org
1114,janssen.com
1115,croma.com
1116,bluetooth.com
1117,legaseriea.it
1118,sephora.fr
1119,surferseo.com
1120,bookriot.com
1121,gbooking.ru
1122,marist.edu
1123,theknot.com
1124,kareo.com
1125,trafficroots.com
1126,iastate.edu
1127,frostbank.com
1128,familydollar.com
1129,ftmo.com
1130,invoicehome.com
1131,honto.jp
1132,reserved.com
1133,drugstore.com
1134,selectminds.com
1135,unlayer.com
1136,nhk.jp
1137,startribune.com
1138,pictory.ai
1139,zohohost.com
1140,chainalysis.com
1141,iuhealth.org
1142,pioneerelectronics.com
1143,cookingchanneltv.com
1144,tithe.ly
1145,tilda.ws
1146,wprost.pl
1147,snapfish.com
1148,corteva.com
1149,planning.org
1150,loom.com
1151,sleepycat.com
1152,monotaro.com
1153,fanduel.com
1154,pushwoosh.com
1155,savings.com
1156,covers.com
1157,knoema.com
1158,revize.com
1159,appcues.com
1160,dow.com
1161,workspaceoneaccess.com
1162,mailplug.com
1163,iq.com
1164,hotel-bb.com
1165,acep.org
1166,monobank.ua
1167,digitalguardian.com
1168,sportsmansguide.com
1169,lovetoknow.com
1170,lionsclubs.org
1171,overwolf.com
1172,navistar.com
1173,forbes.com.mx
1174,leaguelineup.com
1175,hiltonjapan.co.jp
1176,tailtarget.com
1177,avis.com
1178,coca-colacompany.com
1179,wisdmlabs.com
1180,www.gob.mx
1181,hiltonmanage.com
1182,hackaday.com
1183,anydesk.com
1184,casetify.com
1185,netnanny.com
1186,redislabs.com
1187,pixels.com
1188,news.com.au
1189,berryglobal.com
1190,samsungmax.com
1191,planetofhotels.com
1192,slacker.com
1193,li.me
1194,htcsense.com
1195,asce.org
1196,christianity.com
1197,unfpa.org
1198,tribecafilm.com
1199,wimbledon.com
1200,radiosvoboda.org
1201,traefik.io
1202,alertmedia.com
1203,mailtrap.io
1204,ctinsider.com
1205,ufc.com
1206,feverup.com
1207,meross.com
1208,3dcart.com
1209,gazeta.uz
1210,newpaltz.edu
1211,funnyordie.com
1212,psychologicalscience.org
1213,jci.com
1214,cgdev.org
1215,newrepublic.com
1216,samharris.org
1217,itworldcanada.com
1218,resume.io
1219,yoox.com
1220,worldanvil.com
1221,g5e.com
1222,ran.org
1223,enjin.com
1224,fit-pay.com
1225,red-gate.com
1226,tlc.com
1227,miami.com
1228,lds.org
1229,farfetch.com
1230,flock.com
1231,osnplus.com
1232,webnic.cc
1233,protocol.com
1234,tower.jp
1235,convinceandconvert.com
1236,redcrossblood.org
1237,m3.com
1238,sfchronicle.com
1239,woocommerce.com
1240,slotomania.com
1241,citizensbank.com
1242,wpforms.com
1243,hlj.com
1244,greenbiz.com
1245,lezhin.com
1246,endocrine.org
1247,valentino.com
1248,line6.com
1249,sega.jp
1250,onrocket.site
1251,eurosport.fr
1252,scotts.com
1253,w.tools
1254,nec.com
1255,washingtonian.com
1256,panopto.com
1257,norma.uz
1258,ana.net
1259,adacado.com
1260,mckinsey.com
1261,thousandeyes.com
1262,luisaviaroma.com
1263,jalbum.net
1264,acsm.org
1265,eiga.com
1266,nea.org
1267,yourdiy.com
1268,albany.edu
1269,tapas.io
1270,adblade.com
1271,safekids.org
1272,rigup.com
1273,granbluefantasy.jp
1274,paycor.com
1275,flightglobal.com
1276,fwrd.com
1277,msc.com
1278,edgenuity.com
1279,uwlax.edu
1280,joomshaper.com
1281,hm.com
1282,qmul.ac.uk
1283,localwp.com
1284,conviva.com
1285,mir4global.com
1286,upworthy.com
1287,rumble.com
1288,udlap.mx
1289,americanexpress.com.sa
1290,cappex.com
1291,capitalgroup.com
1292,10play.com.au
1293,binance.us
1294,ritzcarlton.com
1295,washingtontimes.com
1296,netscout.com
1297,mym.fans
1298,ixsystems.com
1299,unirioja.es
1300,classaction.org
1301,gizmodo.com.au
1302,fullsail.edu
1303,rafflecopter.com
1304,innity.com
1305,translated.net
1306,bmc.com
1307,otter.ai
1308,petmd.com
1309,imobie.com
1310,sched.com
1311,lloydsbank.com
1312,itpro.co.uk
1313,crisp.chat
1314,tomtom.com
1315,thinkorswim.com
1316,fuelbuddy.in
1317,mediaite.com
1318,inyourpocket.com
1319,fiu.edu
1320,ibtimes.com
1321,csc.com
1322,heraldsun.com.au
1323,einpresswire.com
1324,ventraip.net.au
1325,gooddata.com
1326,kurzy.cz
1327,zenmarket.jp
1328,youneedabudget.com
1329,fendi.com
1330,recdesk.com
1331,respond.io
1332,booth.pm
1333,donorschoose.org
1334,books2read.com
1335,synopsys.com
1336,torontolife.com
1337,alberta.ca
1338,participant.com
1339,lennar.com
1340,mapbox.com
1341,lastline.com
1342,terago.cloud
1343,dyson.com.au
1344,mypixieset.com
1345,cheatsheet.com
1346,navy.com
1347,evergage.com
1348,timescolonist.com
1349,sportscasting.com
1350,bettycrocker.com
1351,asiasociety.org
1352,stuff.tv
1353,goarmy.com
1354,pnc.com
1355,maxim.com
1356,kpit.com
1357,desales.edu
1358,haier.com
1359,journalism.co.uk
1360,aiaa.org
1361,postbulletin.com
1362,enguard.com
1363,ncregister.com
1364,cato.org
1365,viacom.com
1366,socialsecurity.gov
1367,muffingroup.com
1368,ccbchurch.com
1369,clearblue.com
1370,rsc.org
1371,gameanalytics.com
1372,jvc.com
1373,joebiden.com
1374,ewg.org
1375,tilda.cc
1376,sephora.com
1377,digital-photography-school.com
1378,shoutcast.com
1379,unraid.net
1380,fundera.com
1381,salesforceiq.com
1382,thirteen.org
1383,eschoolnews.com
1384,piccoma.com
1385,atptour.com
1386,ssa.gov
1387,flamescans.org
1388,discounttire.com
1389,payfort.com
1390,theweek.com
1391,generalmills.com
1392,goguardian.com
1393,pen.org
1394,gocache.com.br
1395,retn.net
1396,one.org
1397,notionpress.com
1398,garmin.com
1399,cosme.net
1400,scholasticahq.com
1401,sharefile.com
1402,kjzz.org
1403,lmco.com
1404,insidehook.com
1405,treas.gov
1406,aveda.com
1407,azerturkbank.az
1408,unaids.org
1409,nfm.com
1410,joinhomebase.com
1411,silversingles.com
1412,esputnik.com
1413,thefire.org
1414,telerik.com
1415,itproportal.com
1416,carnegieendowment.org
1417,cnu.edu
1418,perlego.com
1419,wku.edu
1420,inspectlet.com
1421,advanceautoparts.com
1422,dhan.co
1423,davidson.edu
1424,mu.edu
1425,choosemyplate.gov
1426,gcorelabs.com
1427,jcp.org
1428,ipswitch.com
1429,fotocommunity.de
1430,vizury.com
1431,nrf.com
1432,msu.edu
1433,swatch.com
1434,norton.com
1435,icicibank.com
1436,pwc.com
1437,dnsowner.com
1438,bell.ca
1439,forceusercontent.com
1440,navexglobal.com
1441,tagged.com
1442,topazlabs.com
1443,redflagdeals.com
1444,jiomart.com
1445,cyberpuerta.mx
1446,americamagazine.org
1447,virginmoney.com
1448,kinescope.io
1449,aei.org
1450,edsurge.com
1451,backup.com
1452,wisconsinhistory.org
1453,hi5.com
1454,planet.com
1455,popt.in
1456,radisson.com
1457,bookmeter.com
1458,blendlabs.com
1459,pointclickcare.com
1460,applovin.com
1461,choicehotels.com
1462,ahima.org
1463,designmuseum.org
1464,heartland.us
1465,vultr.com
1466,tru.ca
1467,medpagetoday.com
1468,greengeeks.com
1469,ibtimes.co.uk
1470,okendo.io
1471,ezvizlife.com
1472,getintent.com
1473,betterup.com
1474,macys.com
1475,chargepoint.com
1476,sap-ag.de
1477,udel.edu
1478,mos.org
1479,marketingprofs.com
1480,directv.com
1481,rockefellerfoundation.org
1482,projectmanager.com
1483,greentechmedia.com
1484,netent.com
1485,kbb.com
1486,autozone.com
1487,sui.io
1488,kommunicate.io
1489,ninjatrader.com
1490,manoramaonline.com
1491,hellobar.com
1492,rspca.org.uk
1493,vanguard.com
1494,travelchannel.com
1495,ford.com.cn
1496,raytheon.com
1497,qatar.net.qa
1498,cyberlink.com
1499,alastyr.com
1500,abc.com.py
1501,360totalsecurity.com
1502,sun.com
1503,nationalobserver.com
1504,brobible.com
1505,successfactors.eu
1506,premiumtimesng.com
1507,dyson.co.jp
1508,startupmatcher.com
1509,sematext.com
1510,isc2.org
1511,gulf-times.com
1512,columbia.com
1513,jointherealworld.com
1514,stamps.com
1515,as.me
1516,ae.com
1517,stageit.com
1518,weddingbee.com
1519,avayacloud.com
1520,virginmoneygiving.com
1521,cifraclub.com.br
1522,renderosity.com
1523,flowcode.com
1524,mobify.com
1525,mhcampus.com
1526,dataquest.io
1527,grist.org
1528,hws.edu
1529,utc.com
1530,virtru.com
1531,virtualglobetrotting.com
1532,netkl.com
1533,chain.link
1534,avnet.com
1535,radissonblu.com
1536,qualified.com
1537,newsroom.bi
1538,stockhouse.com
1539,wunderkind.co
1540,bigw.com.au
1541,jiocinema.com
1542,motorcyclenews.com
1543,rotary.org
1544,mediatek.com
1545,merckvetmanual.com
1546,eurosport.co.uk
1547,wonderhowto.com
1548,podio.com
1549,rightsignature.com
1550,focusfeatures.com
1551,sciencetimes.com
1552,msmagazine.com
1553,hagerty.com
1554,jetpens.com
1555,av.by
1556,visualforce.com
1557,ibo.org
1558,mom.com
1559,rocket.chat
1560,accuweather.com
1561,fullfact.org
1562,lalal.ai
1563,eurosport.com
1564,nrpa.org
1565,halifax.co.uk
1566,weather-doc.com
1567,metalinjection.net
1568,ncte.org
1569,publico.es
1570,ambito.com
1571,hidemy.name
1572,rlcarriers.com
1573,qoo10.jp
1574,stc.com.sa
1575,pfizer.com
1576,iie.org
1577,banquemisr.com
1578,yidio.com
1579,mtb.com
1580,chatbot.com
1581,coconuts.co
1582,campsite.bio
1583,ets.org
1584,learnwithhomer.com
1585,threatlocker.com
1586,rustoleum.com
1587,razorpay.com
1588,huffingtonpost.in
1589,colostate.edu
1590,logmein.com
1591,ubalt.edu
1592,startech.com.bd
1593,healthcareitnews.com
1594,tastyworks.com
1595,sap.de
1596,biblia.com
1597,digitalcameraworld.com
1598,pioneer.com
1599,missouribotanicalgarden.org
1600,natrohost.com
1601,newbalance.com
1602,elasticemail.com
1603,modernhealthcare.com
1604,dvrdns.org
1605,plasticsurgery.org
1606,vauto.com
1607,reliaslearning.com
1608,autism-society.org
1609,sportsbusinessjournal.com
1610,sportsnaut.com
1611,einstein.com
1612,voachinese.com
1613,rakuten.com
1614,sunbeltrentals.com
1615,costco.com
1616,comcastbusiness.net
1617,cyberscoop.com
1618,saic.com
1619,yellowpages.com.au
1620,queerty.com
1621,bab.la
1622,gumtree.com.au
1623,astonmartin.com
1624,cb2.com
1625,answersingenesis.org
1626,centrify.com
1627,mothership.sg
1628,davidsbridal.com
1629,animoto.com
1630,riaa.com
1631,crayola.com
1632,imagekit.io
1633,crosswalk.com
1634,hiphopdx.com
1635,bpmonline.com
1636,urban.org
1637,nursingtimes.net
1638,signalsciences.com
1639,cquotient.com
1640,fortex.ru
1641,canadianwebhosting.com
1642,blinkit.com
1643,bankofbaroda.in
1644,apartmentfinder.com
1645,doingbusiness.org
1646,insidethegames.biz
1647,halleonard.com
1648,batteriesplus.com
1649,thinkgeek.com
1650,sonatype.com
1651,calacademy.org
1652,mclaren.com
1653,ecount.com
1654,enjoei.com.br
1655,emarsys.net
1656,mitene.us
1657,blizzard.com
1658,acs.org
1659,mybuilder.com
1660,its.gov.az
1661,magzter.com
1662,nexttv.com
1663,calltouch.ru
1664,popsugar.com
1665,fozzy.com
1666,esf.edu
1667,neostrada.nl
1668,historyhit.com
1669,landbot.io
1670,addtocalendar.com
1671,usonyx.net
1672,leevalley.com
1673,chilis.com
1674,eds.com
1675,experts-exchange.com
1676,truth-out.org
1677,mox.tv
1678,momjunction.com
1679,huobi.com
1680,mpaa.org
1681,levi.com
1682,beltelecom.by
1683,barrett-jackson.com
1684,thegrio.com
1685,esteelauder.com
1686,stockcharts.com
1687,medtronic.com
1688,truenas.com
1689,geniussis.com
1690,supermicro.com
1691,sencha.com
1692,whyy.org
1693,toomics.com
1694,binge.com.au
1695,ourmidland.com
1696,kuantokusta.pt
1697,eab.com
1698,fordham.edu
1699,marines.com
1700,usq.edu.au
1701,thenation.com
1702,mechacomic.jp
1703,finnair.com
1704,vesti.az
1705,dynamicquest.com
