1,teamunify.com
2,uar.net
3,southparkstudios.com
4,wordtune.com
5,blackrock.com
6,undeveloped.com
7,drugvokrug.ru
8,agilent.com
9,my-personaltrainer.it
10,pagesperso-orange.fr
11,carlsbergsverige.se
12,synchrony.com
13,estacio.br
14,g2.com
15,mango.com
16,gapinc.com
17,jacobs.com
18,mtb.com
19,bnymellon.com
20,tennessee.edu
21,td.com
22,voanews.com
23,unimelb.edu.au
24,jeevansathi.com
25,mojim.com
26,csmc.edu
27,westerndigital.com
28,hagerty.com
29,goto.com
30,lastline.com
31,giantbomb.com
32,ameritrade.com
33,stradivarius.com
34,enterprise.com
35,cio.com
36,sun.com
37,michaelkors.com
38,shareaholic.com
39,wpastra.com
40,hilton.com
41,swiftkey.com
42,kron4.com
43,travelandleisure.com
44,binance.us
45,cdc.gov
46,urbanaffairskerala.org
47,fanbyte.com
48,bitrix24.ru
49,nylas.com
50,obsproject.com
51,autonews.com
52,wenming.cn
53,gartner.com
54,capella.edu
55,pytorch.org
56,bling.com.br
57,988lifeline.org
58,tass.ru
59,spoti.fi
60,ansys.com
61,cleveland.com
62,the-sun.com
63,ascelibrary.org
64,zoom.us
65,dyndns.com
66,agorapulse.com
67,loopnet.com
68,cathaypacific.com
69,itech-group.ru
70,outbrain.com
71,mcafee.com
72,egnyte.com
73,hugoboss.com
74,mountvernon.org
75,arcot.com
76,autotrader.ca
77,uq.edu.au
78,successfactors.eu
79,vodacom.co.za
80,blogher.com
81,energystar.gov
82,apartmentguide.com
83,curtin.edu.au
84,terminix.com
85,dh227.link
86,pillsbury.com
87,pearson.com
88,bluestacks.com
89,businesstimes.com.sg
90,celebritycruises.com
91,wbur.org
92,tn.gov.in
93,csusb.edu
94,dnsmadeeasy.com
95,anthem.com
96,cbinsights.com
97,fortinet.net
98,lamag.com
99,liftoff.io
100,pitchbook.com
101,ysl.com
102,msstate.edu
103,priceline.com
104,science.org
105,mutualofomaha.com
106,phoronix.com
107,huffpost.com
108,threatpost.com
109,apc.com
110,salary.com
111,tickettailor.com
112,hotwire.com
113,credit-suisse.com
114,acer.com
115,zanox.com
116,cosme.net
117,syracuse.com
118,vtex.com
119,appier.net
120,sdo.com
121,digicert.com
122,mydrivers.com
123,hiltonbusinessonline.com
124,draftkings.com
125,costar.com
126,dominos.com
127,southwest.com
128,iqvia.com
129,free-ebooks.net
130,networksolutions.com
131,shrinke.me
132,nsfw.xxx
133,whatfix.com
134,dan.com
135,alz.org
136,aiotechnical.com
137,dlpsgame.com
138,fireeye.com
139,appsflyer.com
140,usps.com
141,currys.co.uk
142,texaschildrens.org
143,blacknight.com
144,audiusa.com
145,telus.com
146,wdc.com
147,truste.com
148,myfico.com
149,box.com
150,dropbox.com
151,gucci.com
152,sussex.ac.uk
153,homeip.net
154,fox.com
155,youngliving.com
156,moodysanalytics.com
157,norton.com
158,gotoassist.com
159,wiu.edu
160,hxaa74.com
161,createjs.com
162,worldofwarships.eu
163,stryker.com
164,lloydsbank.co.uk
165,tinymce.com
166,microsoft.net
167,anthropologie.com
168,elegantthemes.com
169,dy2018.com
170,ew.com
171,loudersound.com
172,sapsf.com
173,skechers.com
174,hrc.org
175,governmentjobs.com
176,1drv.com
177,aajtak.in
178,rentry.co
179,lyft.com
180,sbicard.com
181,adobesign.com
182,asos.com
183,cs-cart.com
184,gumtree.co.za
185,eharmony.com
186,rogers.com
187,ana.co.jp
188,activemind.de
189,redditblog.com
190,santander.co.uk
191,workspaceoneaccess.com
192,scribbr.com
193,mind.org.uk
194,sundaysky.com
195,leadpages.net
196,investingchannel.com
197,tickets.com
198,abbott.com
199,rakuten.com
200,turkishairlines.com
201,asml.com
202,leica-camera.com
203,snapwidget.com
204,personio.de
205,sega.jp
206,navarra.es
207,vodafone.com
208,pioncoo.net
209,sap-ag.de
210,vmwareidentity.com
211,ferrero.com
212,vitacost.com
213,make.com
214,zozo.jp
215,saksfifthavenue.com
216,lufthansa.com
217,sehuatang.org
218,dyson.com
219,tesla.cn
220,eurosport.fr
221,smrtb.com
