1,microsoft.net
2,cbinsights.com
3,obsproject.com
4,wdc.com
5,wpastra.com
6,norton.com
7,businesstimes.com.sg
8,hilton.com
9,wordtune.com
10,ferrero.com
11,pillsbury.com
12,investingchannel.com
13,fireeye.com
14,ansys.com
15,lamag.com
16,free-ebooks.net
17,audiusa.com
18,successfactors.eu
19,liftoff.io
20,terminix.com
21,anthem.com
22,credit-suisse.com
23,giantbomb.com
24,mydrivers.com
25,vtex.com
26,cleveland.com
27,tickettailor.com
28,vodacom.co.za
29,lloydsbank.co.uk
30,moodysanalytics.com
31,gotoassist.com
32,loudersound.com
33,redditblog.com
34,lyft.com
35,box.com
36,zoom.us
37,csmc.edu
38,governmentjobs.com
39,rakuten.com
40,vodafone.com
41,synchrony.com
42,ew.com
43,the-sun.com
44,vmwareidentity.com
45,ascelibrary.org
46,cosme.net
47,sapsf.com
48,youngliving.com
49,ysl.com
50,usps.com
51,autonews.com
52,zozo.jp
53,wenming.cn
54,wiu.edu
55,hagerty.com
56,turkishairlines.com
57,eurosport.fr
58,egnyte.com
59,salary.com
60,gartner.com
61,vitacost.com
62,asos.com
63,goto.com
64,agilent.com
65,fanbyte.com
66,cs-cart.com
67,fox.com
68,nsfw.xxx
69,threatpost.com
70,sap-ag.de
71,enterprise.com
72,tass.ru
73,dnsmadeeasy.com
74,activemind.de
75,undeveloped.com
76,msstate.edu
77,whatfix.com
78,kron4.com
79,draftkings.com
80,pearson.com
81,mind.org.uk
82,988lifeline.org
83,gapinc.com
84,tinymce.com
85,tickets.com
86,bluestacks.com
87,dlpsgame.com
88,eharmony.com
89,blacknight.com
90,rogers.com
91,bnymellon.com
92,westerndigital.com
93,elegantthemes.com
94,huffpost.com
95,southwest.com
96,td.com
97,iqvia.com
98,workspaceoneaccess.com
99,capella.edu
100,acer.com
101,my-personaltrainer.it
102,pytorch.org
103,apc.com
104,sbicard.com
105,asml.com
106,personio.de
107,alz.org
108,teamunify.com
109,binance.us
110,saksfifthavenue.com
111,cdc.gov
112,aajtak.in
113,santander.co.uk
114,dan.com
115,swiftkey.com
116,fortinet.net
117,hiltonbusinessonline.com
118,appsflyer.com
119,dominos.com
120,dyndns.com
121,networksolutions.com
122,texaschildrens.org
123,createjs.com
124,mtb.com
125,arcot.com
126,voanews.com
127,estacio.br
128,science.org
129,gucci.com
130,pitchbook.com
131,stryker.com
132,skechers.com
133,lufthansa.com
134,energystar.gov
135,homeip.net
136,mountvernon.org
137,mango.com
138,mutualofomaha.com
139,csusb.edu
140,snapwidget.com
141,dyson.com
142,jeevansathi.com
143,appier.net
144,ana.co.jp
145,bitrix24.ru
146,sundaysky.com
147,unimelb.edu.au
148,carlsbergsverige.se
149,pagesperso-orange.fr
150,cathaypacific.com
151,tesla.cn
152,uq.edu.au
153,ameritrade.com
154,myfico.com
155,adobesign.com
156,southparkstudios.com
157,nylas.com
158,jacobs.com
159,mojim.com
160,shareaholic.com
161,currys.co.uk
162,truste.com
163,celebritycruises.com
164,autotrader.ca
165,blackrock.com
166,syracuse.com
167,priceline.com
168,curtin.edu.au
169,sega.jp
170,hugoboss.com
171,lastline.com
172,sun.com
173,digicert.com
174,pioncoo.net
175,michaelkors.com
176,1drv.com
177,blogher.com
178,shrinke.me
179,hotwire.com
180,worldofwarships.eu
