1,google.com
2,facebook.com
3,amazonaws.com
4,a-msedge.net
5,microsoft.com
6,googleapis.com
7,apple.com
8,youtube.com
9,akamaiedge.net
10,akamai.net
11,twitter.com
12,instagram.com
13,azure.com
14,googlevideo.com
15,gstatic.com
16,cloudflare.com
17,live.com
18,linkedin.com
19,tiktokcdn.com
20,office.com
21,doubleclick.net
22,akadns.net
23,googletagmanager.com
24,windowsupdate.com
25,netflix.com
26,apple-dns.net
27,fbcdn.net
28,amazon.com
29,trafficmanager.net
30,gtld-servers.net
31,microsoftonline.com
32,googleusercontent.com
33,wikipedia.org
34,fastly.net
35,bing.com
36,icloud.com
37,l-msedge.net
38,domaincontrol.com
39,root-servers.net
40,wordpress.org
41,youtu.be
42,digicert.com
43,aaplimg.com
44,yahoo.com
45,github.com
46,ui.com
47,pinterest.com
48,mail.ru
49,tiktokv.com
50,t-msedge.net
51,sharepoint.com
52,nflxso.net
53,windows.net
54,adobe.com
55,googlesyndication.com
56,goo.gl
57,cloudfront.net
58,google-analytics.com
59,spotify.com
60,wordpress.com
61,vimeo.com
62,office.net
63,s-msedge.net
64,gvt2.com
65,gandi.net
66,zoom.us
67,msn.com
68,bit.ly
69,edgekey.net
70,office365.com
71,skype.com
72,bytefcdn-oversea.com
73,whatsapp.net
74,yandex.net
75,whatsapp.com
76,cloudflare.net
77,mozilla.org
78,qq.com
79,ntp.org
80,intuit.com
81,wac-msedge.net
82,tiktok.com
83,cloudflare-dns.com
84,googledomains.com
85,blogspot.com
86,app-measurement.com
87,ytimg.com
88,roblox.com
89,gvt1.com
90,outlook.com
91,reddit.com
92,trbcdn.net
93,snapchat.com
94,yandex.ru
95,opera.com
96,cdn77.org
97,europa.eu
98,amazon-adsystem.com
99,baidu.com
100,nic.ru
101,macromedia.com
102,pki.goog
103,epicgames.com
104,dropbox.com
105,tumblr.com
106,adnxs.com
107,nih.gov
108,b-msedge.net
109,azureedge.net
110,ttlivecdn.com
111,criteo.com
112,netflix.net
113,cloudapp.net
114,msedge.net
115,one.one
116,gravatar.com
117,flickr.com
118,windows.com
119,nytimes.com
120,lencr.org
121,github.io
122,msftncsi.com
123,unity3d.com
124,akamaized.net
125,a2z.com
126,sentry.io
127,spo-msedge.net
128,t.me
129,webex.com
130,bytefcdn-ttpeu.com
131,aiv-cdn.net
132,cdninstagram.com
133,tiktokcdn-us.com
134,samsung.com
135,sberdevices.ru
136,registrar-servers.com
137,health.mil
138,edgesuite.net
139,rubiconproject.com
140,googleadservices.com
141,wa.me
142,ggpht.com
143,comcast.net
144,tfbnw.net
145,forms.gle
146,zemanta.com
147,apache.org
148,omtrdc.net
149,paypal.com
150,rbxcdn.com
151,amazonvideo.com
152,wsdvs.com
153,casalemedia.com
154,o365filtering.com
155,tds.net
156,soundcloud.com
157,cnn.com
158,appsflyersdk.com
159,miit.gov.cn
160,2mdn.net
161,t.co
162,meraki.com
163,medium.com
164,facebook-hardware.com
165,archive.org
166,salesforceliveagent.com
167,vk.com
168,salesforce.com
169,theguardian.com
170,w3.org
171,appsflyer.com
172,gmail.com
173,nr-data.net
174,applovin.com
175,pubmatic.com
176,forbes.com
177,mangosip.ru
178,demdex.net
179,worldfcdn2.com
180,mozilla.com
181,ebay.com
182,taboola.com
183,dns.google
184,bbc.co.uk
185,azurewebsites.net
186,e2ro.com
187,dual-s-msedge.net
188,googleblog.com
189,adobe.io
190,rocket-cdn.com
191,rambler.ru
192,akamaihd.net
193,mzstatic.com
194,xiaomi.com
195,creativecommons.org
196,bbc.com
197,att.net
198,cdn-apple.com
199,smartadserver.com
200,kaspersky.com
201,sourceforge.net
202,myfritz.net
203,cisco.com
204,discord.com
205,imdb.com
206,shifen.com
207,comfortel.pro
208,dnsowl.com
209,hp.com
210,mit.edu
211,nginx.org
212,slack.com
213,miui.com
214,sciencedirect.com
215,userapi.com
216,playstation.net
217,abusix.zone
218,twitch.tv
219,facebook.net
220,ubuntu.com
221,who.int
222,googletagservices.com
223,edgecdn.ru
224,scorecardresearch.com
225,nginx.com
226,cedexis.net
227,t-mobile.com
228,mcafee.com
229,ampproject.org
230,msftconnecttest.com
231,washingtonpost.com
232,wixsite.com
233,amazon.co.uk
234,openx.net
235,go.com
236,researchgate.net
237,shopify.com
238,youtube-nocookie.com
239,wikimedia.org
240,issuu.com
241,b-cdn.net
242,android.com
243,launchdarkly.com
244,jomodns.com
245,aliyuncs.com
246,hipages.com.au
247,aol.com
248,doubleverify.com
249,hubspot.com
250,telefonica.de
251,wp.com
252,appcenter.ms
253,cdc.gov
254,tinyurl.com
255,comcast.com
256,dailymail.co.uk
257,adsrvr.org
258,dnsmadeeasy.com
259,atomile.com
260,datadoghq.com
261,oracle.com
262,weebly.com
263,opendns.com
264,amazon.dev
265,azurefd.net
266,reuters.com
267,canva.com
268,360yield.com
269,rlcdn.com
270,harvard.edu
271,doi.org
272,force.com
273,slideshare.net
274,3lift.com
275,sharethrough.com
276,booking.com
277,google.de
278,bidswitch.net
279,grammarly.com
280,media-amazon.com
281,ibm.com
282,www.gov.uk
283,roku.com
284,espn.com
285,safebrowsing.apple
286,stbid.ru
287,media.net
288,weibo.com
289,teamviewer.com
290,moatads.com
291,wildberries.ru
292,nist.gov
293,vungle.com
294,dns.cn
295,google.co.uk
296,sc-gw.com
297,adriver.ru
298,samsungqbe.com
299,bloomberg.com
300,etsy.com
301,indeed.com
302,reg.ru
303,name-services.com
304,nvidia.com
305,elasticbeanstalk.com
306,steampowered.com
307,crashlytics.com
308,dailymotion.com
309,wsj.com
310,samsungcloudsolution.com
311,google.com.br
312,jsdelivr.net
313,supersonicads.com
314,wiley.com
315,quantserve.com
316,mtgglobals.com
317,nature.com
318,msidentity.com
319,criteo.net
320,php.net
321,twimg.com
322,weather.com
323,ksyuncdn.com
324,drom.ru
325,stripe.com
326,alibabadns.com
327,branch.io
328,eset.com
329,businessinsider.com
330,adsafeprotected.com
331,cdngslb.com
332,un.org
333,lijit.com
334,dotomi.com
335,dell.com
336,checkpoint.com
337,yahoo.co.jp
338,springer.com
339,imrworldwide.com
340,trendmicro.com
341,quora.com
342,godaddy.com
343,cnbc.com
344,list-manage.com
345,adobedtm.com
346,id5-sync.com
347,adform.net
348,unsplash.com
349,ea.com
350,outbrain.com
351,nasa.gov
352,sc-cdn.net
353,aws.dev
354,stanford.edu
355,mi.com
356,liadm.com
357,bamgrid.com
358,gnu.org
359,foxnews.com
360,churchcenter.com
361,dzeninfra.ru
362,discord.gg
363,wbx2.com
364,1c.ru
365,ring.com
366,telecid.ru
367,stackoverflow.com
368,pv-cdn.net
369,nease.net
370,teads.tv
371,npr.org
372,3gppnetwork.org
373,go-mpulse.net
374,clarity.ms
375,cpanel.net
376,eventbrite.com
377,xboxlive.com
378,sophos.com
379,inner-active.mobi
380,sohu.com
381,amazonalexa.com
382,openai.com
383,azure-dns.com
384,aliexpress.com
385,globo.com
386,xcal.tv
387,giphy.com
388,hicloud.com
389,time.com
390,avast.com
391,netangels.ru
392,wix.com
393,usatoday.com
394,alicdn.com
395,hichina.com
396,avcdn.net
397,telegraph.co.uk
398,linktr.ee
399,goodreads.com
400,taobao.com
401,rackspace.net
402,shipt.com
403,tradingview.com
404,walmart.com
405,nflxvideo.net
406,hugedomains.com
407,chinamobile.com
408,mynetname.net
409,elisa.fi
410,scdn.co
411,ups.com
412,g.page
413,forter.com
414,hotjar.com
415,samsungcloud.com
416,statista.com
417,amazon.de
418,addtoany.com
419,blogger.com
420,rocket-cdnbp.com
421,pangle.io
422,byteoversea.net
423,verkada.com
424,sfx.ms
425,ozon.ru
426,pixabay.com
427,myshopify.com
428,bilibili.com
429,scribd.com
430,wired.com
431,inmobi.com
432,healthline.com
433,surveymonkey.com
434,gamepass.com
435,ngenix.net
436,firetvcaptiveportal.com
437,kwai.net
438,hostgator.com
439,online-metrix.net
440,amzn.to
441,rzone.de
442,speedtest.net
443,nflximg.com
444,cnet.com
445,naver.com
446,alibaba.com
447,duckduckgo.com
448,herokudns.com
449,duckdns.org
450,zendesk.com
451,beian.gov.cn
452,ok.ru
453,dzen.ru
454,wal-mart.com
455,bitrix24.ru
456,independent.co.uk
457,imgur.com
458,uber.com
459,mayoclinic.org
460,mikrotik.com
461,ft.com
462,ted.com
463,yahoodns.net
464,behance.net
465,indiatimes.com
466,amazontrust.com
467,verisign.com
468,att.com
469,example.com
470,cloudflareclient.com
471,debian.org
472,imgsmail.ru
473,kaspersky-labs.com
474,viator.com
475,badoo.com
476,arubanetworks.com
477,deviantart.com
478,disqus.com
479,mozilla.net
480,gosuslugi.ru
481,buzzfeed.com
482,robinhood.com
483,mysql.com
484,consultant.ru
485,entrust.net
486,icloud-content.com
487,google.ca
488,pandora.com
489,worldnic.com
490,rakuten.co.jp
491,creativecdn.com
492,ttvnw.net
493,digitalocean.com
494,mediatek.com
495,google.fr
496,webmd.com
497,duolingo.com
498,xhamster.com
499,line.me
500,autodesk.com
501,telegram.me
502,amazon.co.jp
503,ca.gov
504,dnspod.net
505,ivi.ru
506,mncdn.com
507,shutterstock.com
508,squarespace.com
509,loc.gov
510,berkeley.edu
511,google.es
512,herokuapp.com
513,ovscdns.com
514,playstation.com
515,tripadvisor.com
516,google.co.jp
517,cbsnews.com
518,163.com
519,marriott.com
520,mega.co.nz
521,nstld.com
522,atlassian.com
523,goskope.com
524,adtelligent.com
525,mailchimp.com
526,ttdns2.com
527,google.it
528,ai-lawandorder.com
529,yelp.com
530,jquery.com
531,cmediahub.ru
532,huawei.com
533,sina.com.cn
534,myspace.com
535,ezvizlife.com
536,trustpilot.com
537,braze.com
538,grammarly.io
539,fb.com
540,ikea.com
541,free.fr
542,onetrust.com
543,aboutads.info
544,steamcommunity.com
545,nelreports.net
546,tandfonline.com
547,patreon.com
548,netease.com
549,visualstudio.com
550,launchpad.net
551,theverge.com
552,timeweb.ru
553,techcrunch.com
554,nest.com
555,byteglb.com
556,livejournal.com
557,noaa.gov
558,conviva.com
559,latimes.com
560,mts.ru
561,mob.com
562,sorbs.net
563,ietf.org
564,nike.com
565,incapdns.net
566,adobe.net
567,oup.com
568,newrelic.com
569,merriam-webster.com
570,freepik.com
571,smaato.net
572,cornell.edu
573,accuweather.com
574,shalltry.com
575,igamecj.com
576,intel.com
577,rncdn7.com
578,staples.com
579,licdn.com
580,akam.net
581,yandex.com
582,amplitude.com
583,google.co.in
584,dbankcloud.cn
585,nintendo.net
586,yieldmo.com
587,crwdcntrl.net
588,wattpad.com
589,dns-parking.com
590,qualtrics.com
591,webrootcloudav.com
592,rackspace.com
593,pinimg.com
594,aiv-delivery.net
595,fontawesome.com
596,agkn.com
597,riotgames.com
598,cookielaw.org
599,qlivecdn.com
600,mozgcp.net
601,e-msedge.net
602,huffingtonpost.com
603,yahoo.net
604,aliyun.com
605,bidr.io
606,virtualearth.net
607,calendly.com
608,box.com
609,optimizely.com
610,omnitagjs.com
611,statuspage.io
612,rt.ru
613,uol.com.br
614,addthis.com
615,appspot.com
616,britannica.com
617,prnewswire.com
618,nbcnews.com
619,theatlantic.com
620,live.net
621,homedepot.com
622,online.net
623,allawnos.com
624,livechatinc.com
625,typekit.net
626,elpais.com
627,life360.com
628,intercom.io
629,target.com
630,footprintdns.com
631,washington.edu
632,apple.news
633,google.com.hk
634,ipify.org
635,tapad.com
636,fandom.com
637,bugsnag.com
638,stackadapt.com
639,spov-msedge.net
640,cloudns.net
641,ecdns.net
642,google.pl
643,getpocket.com
644,w3schools.com
645,fda.gov
646,impervadns.net
647,isnssdk.com
648,warnerbros.com
649,mega.nz
650,contentsquare.net
651,contextweb.com
652,okta.com
653,dns.com
654,maricopa.gov
655,samsungapps.com
656,temu.com
657,xvideos.com
658,klaviyo.com
659,hulu.com
660,mediafire.com
661,viber.com
662,everesttech.net
663,name.com
664,amazon.fr
665,hbr.org
666,bluekai.com
667,ovscdns.net
668,bluehost.com
669,fbsbx.com
670,amazon.ca
671,pornhub.com
672,spaceweb.pro
673,33across.com
674,yimg.com
675,usda.gov
676,oath.cloud
677,douyincdn.com
678,ttoverseaus.net
679,flashtalking.com
680,sentinelone.net
681,dns-shop.ru
682,attn.tv
683,sagepub.com
684,investopedia.com
685,quantummetric.com
686,google.com.mx
687,udemy.com
688,service.gov.uk
689,google.com.tr
690,nationalgeographic.com
691,google.com.tw
692,academia.edu
693,nintendo.com
694,bitdefender.com
695,beeline.ru
696,bytetcdn.com
697,cdnbuild.net
698,samsungacr.com
699,unesco.org
700,gumgum.com
701,shein.com
702,coinmarketcap.com
703,ieee.org
704,bandcamp.com
705,docker.com
706,dbankcloud.com
707,zillow.com
708,telegram.org
709,tremorhub.com
710,ohthree.com
711,yximgs.com
712,bestbuy.com
713,cambridge.org
714,youku.com
715,xiaomi.net
716,paloaltonetworks.com
717,allaboutcookies.org
718,w55c.net
719,usgovcloudapi.net
720,themeforest.net
721,savvis.net
722,swrve.com
723,erome.com
724,lemonde.fr
725,rbc.ru
726,fiverr.com
727,kickstarter.com
728,1rx.io
729,mirtesen.ru
730,namebrightdns.com
731,mixpanel.com
732,me.com
733,people.com
734,huffpost.com
735,shopee.co.id
736,ifood.com.br
737,usps.com
738,mailchi.mp
739,chaturbate.com
740,thesun.co.uk
741,tp-link.com
742,cdnvideo.ru
743,bankofamerica.com
744,a-mo.net
745,jotform.com
746,ioam.de
747,fast.com
748,googlezip.net
749,xbox.com
750,hostgator.com.br
751,business.site
752,steamstatic.com
753,tencent-cloud.net
754,networkadvertising.org
755,kargo.com
756,onlyfans.com
757,awsglobalaccelerator.com
758,princeton.edu
759,aniview.com
760,cdnhwc1.com
761,sitescout.com
762,apigee.net
763,pbs.org
764,upwork.com
765,ssacdn.com
766,stickyadstv.com
767,amazon.es
768,mgid.com
769,google.cn
770,fedex.com
771,gandi-ns.fr
772,rfihub.com
773,news.com.au
774,imcmdb.net
775,heytapdl.com
776,intentiq.com
777,xnxx.com
778,ipredictive.com
779,fb.me
780,ebay.co.uk
781,lefigaro.fr
782,hm.com
783,change.org
784,krxd.net
785,redhat.com
786,indexww.com
787,bootstrapcdn.com
788,churnzero.net
789,spcsdns.net
790,turn.com
791,iso.org
792,norton.com
793,whitehouse.gov
794,ks-cdn.com
795,bild.de
796,appier.net
797,ssl-images-amazon.com
798,rspamd.com
799,amazon.it
800,t-online.de
801,brave.com
802,samsungosp.com
803,unrulymedia.com
804,lenovo.com
805,adjust.com
806,rings.solutions
807,schwab.com
808,shopee.com.br
809,epa.gov
810,phicdn.net
811,miwifi.com
812,airbnb.com
813,discordapp.com
814,ameblo.jp
815,markmonitor.com
816,amazon.in
817,allegro.pl
818,onetag-sys.com
819,chartboost.com
820,360.cn
821,clever.com
822,hilton.com
823,heytapmobile.com
824,llnwi.net
825,statcounter.com
826,lowes.com
827,ys7.com
828,conicet.gov.ar
829,primevideo.com
830,githubusercontent.com
831,exelator.com
832,seznam.cz
833,ign.com
834,dreamhost.com
835,browser-intake-datadoghq.com
836,ibyteimg.com
837,connatix.com
838,firebaseio.com
839,chartbeat.net
840,gitlab.com
841,service-now.com
842,worldbank.org
843,daum.net
844,globalsign.com
845,myqcloud.com
846,kohls.com
847,rapid7.com
848,disneyplus.com
849,pccc.com
850,firefox.com
851,mwbsys.com
852,mgts.ru
853,tribalfusion.com
854,netgear.com
855,eporner.com
856,coingecko.com
857,umich.edu
858,usnews.com
859,canonical.com
860,nypost.com
861,pendo.io
862,heylink.me
863,genius.com
864,xerox.com
865,azure-devices.net
866,sonobi.com
867,cloudflareinsights.com
868,unpkg.com
869,dns.ne.jp
870,arcgis.com
871,vmware.com
872,columbia.edu
873,economist.com
874,immunet.com
875,spot.im
876,state.gov
877,springserve.com
878,repubblica.it
879,vkontakte.ru
880,jimdo.com
881,galleryvalery.com
882,btloader.com
883,deloitte.com
884,segment.io
885,splashtop.com
886,biblegateway.com
887,wikihow.com
888,vivoglobal.com
889,discogs.com
890,1drv.com
891,ya.ru
892,ad.gt
893,adgrx.com
894,atlassian.net
895,cookiedatabase.org
896,synology.com
897,ebay.de
898,bdydns.com
899,hotmail.com
900,ancestry.com
901,businesswire.com
902,svc.ms
903,sharethis.com
904,yellowblue.io
905,mckinsey.com
906,avito.ru
907,macys.com
908,typeform.com
909,costco.com
910,spotifycdn.com
911,dnsv1.com
912,samsungcloudsolution.net
913,vkuser.net
914,dyingbirds.com
915,onet.pl
916,cbc.ca
917,akismet.com
918,amazon.com.br
919,apnews.com
920,mediavine.com
921,quickconnect.to
922,redd.it
923,kaspi.kz
924,adroll.com
925,mongodb.com
926,onesignal.com
927,pusher.com
928,perfectdomain.com
929,classlink.com
930,sectigo.com
931,xfinity.com
932,nba.com
933,ubi.com
934,corriere.it
935,postrelease.com
936,skroutz.gr
937,wp.pl
938,rayjump.com
939,tiqcdn.com
940,flurry.com
941,asos.com
942,2gis.com
943,elmundo.es
944,innovid.com
945,quizlet.com
946,rackspaceclouddb.com
947,cdnhwc2.com
948,recaptcha.net
949,si.com
950,4dex.io
951,notamedia.ru
952,character.ai
953,va.gov
954,weforum.org
955,psychologytoday.com
956,theconversation.com
957,twitchcdn.net
958,smartthings.com
959,ubnt.com
960,plex.tv
961,utorrent.com
962,bol.com
963,bytefcdn.com
964,tiktokv.us
965,eepurl.com
966,redditstatic.com
967,pexels.com
968,mdpi.com
969,francetvinfo.fr
970,chartbeat.com
971,pikabu.ru
972,plesk.com
973,flipkart.com
974,interia.pl
975,vidazoo.com
976,www.gov.br
977,agoda.com
978,openstreetmap.org
979,withgoogle.com
980,mozaws.net
981,amazon.com.au
982,n-able.com
983,arxiv.org
984,binance.com
985,split.io
986,360safe.com
987,socdm.com
988,grabpay.com
989,bidmachine.io
990,spankbang.com
991,chess.com
992,youronlinechoices.com
993,pixiv.net
994,oculus.com
995,sportskeeda.com
996,ironsrc.mobi
997,agora.io
998,byteoversea.com
999,nicovideo.jp
1000,constantcontact.com
1001,ecosia.org
1002,immedia-semi.com
1003,avira.com
1004,serving-sys.com
1005,plos.org
1006,creditkarma.com
1007,cedexis-test.com
1008,marca.com
1009,joinhoney.com
1010,newyorker.com
1011,vice.com
1012,trendyol.com
1013,linode.com
1014,abovedomains.com
1015,mparticle.com
1016,dribbble.com
1017,idnes.cz
1018,datto.com
1019,spamhaus.org
1020,moneycontrol.com
1021,olx.com.br
1022,ovh.net
1023,dropboxapi.com
1024,yale.edu
1025,dbankcloud.ru
1026,surfshark.com
1027,notion.so
1028,adobedc.net
1029,lgtvsdp.com
1030,samsungelectronics.com
1031,kwai-pro.com
1032,epicgames.dev
1033,tbcache.com
1034,marketwatch.com
1035,gihc.net
1036,bitdefender.net
1037,hindustantimes.com
1038,mmcdn.com
1039,samsungcloud.tv
1040,psu.edu
1041,livedoor.jp
1042,gcdn.co
1043,nic.do
1044,n-tv.de
1045,nexusmods.com
1046,mercadolivre.com.br
1047,onedrive.com
1048,as.com
1049,ilovepdf.com
1050,ameba.jp
1051,mantraonline.com
1052,zoho.com
1053,otto.de
1054,simpli.fi
1055,gsmarena.com
1056,tokopedia.com
1057,instructure.com
1058,cox.net
1059,screenrant.com
1060,google.ru
1061,infobae.com
1062,abc.net.au
1063,gofundme.com
1064,mobile.de
1065,allrecipes.com
1066,ouest-france.fr
1067,goal.com
1068,amazon.com.mx
1069,about.com
1070,newsweek.com
1071,ox.ac.uk
1072,coinbase.com
1073,reverso.net
1074,fortune.com
1075,alidns.com
1076,ucla.edu
1077,dyndns.org
1078,ertelecom.ru
1079,meethue.com
1080,clarin.com
1081,redditmedia.com
1082,nu.nl
1083,cloudinary.com
1084,ip-api.com
1085,166.com
1086,msftauth.net
1087,dropbox-dns.com
1088,mercadolibre.com.ar
1089,mashable.com
1090,ripn.net
1091,olx.pl
1092,biomedcentral.com
1093,terra.com.br
1094,docomo.ne.jp
1095,upenn.edu
1096,poki.com
1097,cloudsink.net
1098,squarespacedns.com
1099,jcpenney.com
1100,no-ip.com
1101,caixa.gov.br
1102,x.com
1103,curseforge.com
1104,vivo.com
1105,lanacion.com.ar
1106,kleinanzeigen.de
1107,uchi.ru
1108,infonline.de
1109,gismeteo.ru
1110,aparat.com
1111,wowhead.com
1112,kb4compliance.com
1113,20minutos.es
1114,rightmove.co.uk
1115,ctdns.cn
1116,cspserver.net
1117,sciencedaily.com
1118,mosmedzdrav.ru
1119,pitaya-clientai.com
1120,vedcdnlb.com
1121,coupang.com
1122,leboncoin.fr
1123,dnevnik.ru
1124,quizizz.com
1125,arin.net
1126,telegraaf.nl
1127,bet365.com
1128,india.com
1129,dmm.co.jp
1130,dafont.com
1131,i18n-pglstatp.com
1132,fb-t-msedge.net
1133,fb.watch
1134,nakheelteam.cc
1135,divar.ir
1136,alipaydns.com
1137,tiktokcdn-eu.com
1138,permutive.com
1139,typepad.com
1140,ad.nl
1141,uci.edu
1142,apa.org
1143,craigslist.org
1144,expedia.com
1145,fetlife.com
1146,fastcompany.com
1147,code.org
1148,adrta.com
1149,archiveofourown.org
1150,udn.com
1151,tsyndicate.com
1152,cxense.com
1153,pvp.net
1154,xing.com
1155,ixl.com
1156,google.nl
1157,google.com.au
1158,livescore.com
1159,trello.com
1160,xhcdn.com
1161,readthedocs.io
1162,bmj.com
1163,superhosting.bg
1164,zdnet.com
1165,hln.be
1166,ui-dns.com
1167,mmechocaptiveportal.com
1168,flashscore.com
1169,finn.no
1170,espncricinfo.com
1171,wyzecam.com
1172,hurriyet.com.tr
1173,frontiersin.org
1174,sahibinden.com
1175,apkpure.com
1176,beget.com
1177,garmin.com
1178,tabelog.com
1179,ynet.co.il
1180,verizon.com
1181,vg.no
1182,umn.edu
1183,detik.com
1184,datadome.co
1185,pornpics.com
1186,jw.org
1187,gazzetta.it
1188,livedoor.com
1189,infoseek.co.jp
1190,acesso.gov.br
1191,nhentai.net
1192,dynatrace.com
1193,vnexpress.net
1194,ads-twitter.com
1195,rule34.xxx
1196,tplinkcloud.com
1197,irs.gov
1198,rule34video.com
1199,argos.co.uk
1200,rackcdn.com
1201,xserver.jp
1202,my.com
1203,faphouse.com
1204,tinkoff.ru
1205,mercadolibre.com.mx
1206,kwaipros.com
1207,cookpad.com
1208,company-target.com
1209,s-onetag.com
1210,youporn.com
1211,xhamster.desi
1212,varzesh3.com
1213,classdojo.com
1214,bathandbodyworks.com
1215,hitomi.la
1216,magazineluiza.com.br
1217,egnyte.com
1218,furaffinity.net
1219,remove.bg
1220,boyfriendtv.com
1221,fanfiction.net
1222,deepl.com
1223,cricbuzz.com
1224,spectrum.com
1225,indiamart.com
1226,mobilevikings.be
1227,jstor.org
1228,hbo.com
1229,marktplaats.nl
1230,sky.com
1231,elcorteingles.es
1232,acsechocaptiveportal.com
1233,pluto.tv
1234,tesla.com
1235,redtube.com
1236,missav.com
1237,zhihu.com
1238,xhamster42.desi
1239,vinted.fr
1240,ddns.net
1241,betano.com
1242,lichess.org
1243,jtvnw.net
1244,qwest.net
1245,bttrack.com
1246,doubleclick.com
1247,timesofindia.com
1248,wpengine.com
1249,skyhigh.cloud
1250,merkur.de
1251,ebay.it
1252,gelbooru.com
1253,vox.com
1254,avsxappcaptiveportal.com
1255,meetup.com
1256,ria.com
1257,playrix.com
1258,txxx.com
1259,digikala.com
1260,mundodeportivo.com
1261,ixbt.com
1262,samsungknox.com
1263,sex.com
1264,capitalonegslbex.com
1265,hepsiburada.com
1266,rtcfront.net
1267,aadrm.com
1268,jamfcloud.com
1269,milliyet.com.tr
1270,hotpepper.jp
1271,index.hr
1272,makemytrip.com
1273,phncdn.com
1274,mgslb.com
1275,baishan-cloud.net
1276,mbga.jp
1277,ntppool.org
1278,myntra.com
1279,namu.wiki
1280,amazon.com.tr
1281,imagefap.com
1282,idealista.com
1283,cdn20.com
1284,blooket.com
1285,cbsivideo.com
1286,vidaahub.com
1287,tabor.ru
1288,tvn24.pl
1289,beget.ru
1290,byjus.com
1291,credit-agricole.fr
1292,cdiscount.com
1293,coomer.su
1294,strpst.com
1295,coursera.org
1296,algolia.net
1297,wunderground.com
1298,kemono.su
1299,dantri.com.vn
1300,sciencemag.org
1301,auone.jp
1302,pantip.com
1303,cam.ac.uk
1304,dlsite.com
1305,dagbladet.no
1306,kundelik.kz
1307,lavanguardia.com
1308,mynet.com
1309,coolmathgames.com
1310,noodlemagazine.com
1311,subito.it
1312,oecd.org
1313,studocu.com
1314,funpay.com
1315,jut.su
1316,akamaitechnologies.com
1317,bumble.com
1318,granbluefantasy.jp
1319,futbin.com
1320,inven.co.kr
1321,dcinside.com
1322,bilibili.tv
1323,fmkorea.com
1324,tsn.ua
1325,websitewelcome.com
1326,oreilly.com
1327,unifi-ai.com
1328,youjizz.com
1329,aws-prd.net
1330,ilmessaggero.it
1331,donmai.us
1332,xnxx-cdn.com
1333,aternos.org
1334,starfall.com
1335,terabox.app
1336,hltv.org
1337,actu.fr
1338,haberler.com
1339,msecnd.net
1340,cardgames.io
1341,pewresearch.org
1342,gamewith.jp
1343,twilio.com
1344,dbankcdn.com
1345,thisvid.com
1346,emag.ro
1347,yts.mx
1348,aznude.com
1349,ficbook.net
1350,imhentai.xxx
1351,hinet.net
1352,litnet.com
1353,trustarc.com
1354,zozo.jp
1355,coppel.com
1356,ilmeteo.it
1357,1024tera.com
1358,jusbrasil.com.br
1359,xhamster2.com
1360,e-hentai.org
1361,wisc.edu
1362,nairaland.com
1363,russianfood.com
1364,doods.pro
1365,medicalnewstoday.com
1366,24h.com.vn
1367,nesine.com
1368,iporntv.net
1369,asuratoon.com
1370,aniwave.to
1371,funnyjunk.com
1372,mat6tube.com
1373,4kporn.xxx
1374,neopets.com
1375,nikkansports.com
1376,aniwatch.to
1377,ixxx.com
1378,jable.tv
1379,mangabuddy.com
1380,ekstrabladet.dk
1381,jalan.net
1382,smythstoys.com
1383,pornhat.com
1384,love4porn.com
1385,hqporner.com
1386,xinhuanet.com
1387,suumo.jp
1388,colossusssp.com
1389,sexvid.xxx
1390,ok.xxx
1391,cnnindonesia.com
1392,identrust.com
1393,motherless.com
1394,sendgrid.net
1395,3bmeteo.com
1396,xvideos2.com
1397,netshoes.com.br
1398,highwebmedia.com
1399,hdtube.porn
1400,exhentai.org
1401,co.com
1402,xnxx.tv
1403,xnxx2.com
1404,sxyprn.com
1405,tenki.jp
1406,vidoomy.com
1407,fuckmoral.com
1408,xnxx.health
1409,substack.com
1410,pubmnet.com
1411,kompoz2.com
1412,carsensor.net
1413,mangago.me
1414,dan.com
1415,sun.com
1416,leroymerlin.fr
1417,oricon.co.jp
1418,syosetu.com
1419,ds2play.com
1420,science.org
1421,iltalehti.fi
1422,inps.it
1423,vjav.com
1424,vivint.ai
1425,bigo.sg
1426,tokyomotion.net
1427,e621.net
1428,porno365.pics
1429,justdial.com
1430,turkiye.gov.tr
1431,betnacional.com
1432,gst.gov.in
1433,cronista.com
1434,fanpage.it
1435,adswizz.com
1436,jd.com
1437,wordwall.net
1438,dw.com
1439,xvideos-cdn.com
1440,cnbcindonesia.com
1441,geocities.com
1442,shahvani.com
1443,lwsdns.com
1444,igodigital.com
1445,ptt.cc
1446,programme-tv.net
1447,bookmyshow.com
1448,khabaronline.ir
1449,jutarnji.hr
1450,protothema.gr
1451,y2mate.com
1452,mediaexpert.pl
1453,haber7.com
1454,blic.rs
1455,mathplayground.com
1456,kooora.com
1457,ajio.com
1458,mathtag.com
1459,snaptik.app
1460,sedo.com
1461,mangakakalot.com
1462,myreadingmanga.info
1463,fantia.jp
1464,luxuretv.com
1465,livehindustan.com
1466,ruliweb.com
1467,python.org
1468,ssstik.io
1469,eenadu.net
1470,game8.jp
1471,toppr.com
1472,namasha.com
1473,sinsay.com
1474,rezka.ag
1475,ppomppu.co.kr
1476,upwitheaway.info
1477,bt.dk
1478,cityheaven.net
1479,9animetv.to
1480,peachavocado.com
1481,fuq.com
1482,rakuten-sec.co.jp
1483,caliente.mx
1484,kidsa-z.com
1485,fapello.com
1486,pussyspace.com
1487,bato.to
1488,elsevier.com
1489,librus.pl
1490,xhwide4.com
1491,marmiton.org
1492,manganato.com
1493,joyclub.de
1494,topmanhua.com
1495,xhamster1.desi
1496,zearn.org
1497,porn300.com
1498,snapinsta.app
1499,aljazeera.com
1500,kurir.rs
1501,cmoa.jp
1502,sportybet.com
1503,epfindia.gov.in
1504,lausd.net
1505,mangatoto.com
1506,tynt.com
1507,hollywoodbets.net
1508,vtb.ru
1509,zorox.to
1510,serviporno.com
1511,fararu.com
1512,mechacomic.jp
1513,aajtak.in
1514,spankbang.party
1515,theqoo.net
1516,betway.co.za
1517,tukif.com
1518,netkeiba.com
1519,xvideos3.com
1520,fabswingers.com
1521,colamanga.com
1522,visortmo.com
1523,servicewebly.com
1524,xvideos.es
1525,arca.live
1526,onlyindianx.cc
1527,xhtab3.com
1528,pixbet.com
1529,supjav.com
1530,hot-sex-tube.com
1531,doujindesu.tv
1532,ifilo.net
1533,imgsrc.ru
1534,ninisite.com
1535,hanime1.me
1536,sikayetvar.com
1537,ijavhd.com
1538,music-fa.com
1539,tktube.com
1540,wnacg.com
1541,znanija.com
1542,spiegel.de
1543,brainly.co.id
1544,brainly.in
1545,nitrotype.com
1546,mangalib.me
1547,sexvid.pro
1548,wshareit.com
1549,azet.sk
1550,69shuba.com
1551,beboo.ru
1552,listcrawler.eu
1553,pornocarioca.com
1554,utexas.edu
1555,fc2.com
1556,freeip.me
1557,fatalmodel.com
1558,mangaschan.net
1559,gdz.ru
1560,lermanga.org
1561,croxyproxy.com
1562,auvik.com
1563,1mg.com
1564,anses.gob.ar
1565,prokerala.com
1566,xnxx3.com
1567,toyhou.se
1568,xosodaiphat.com
1569,anybunny.org
1570,emaktab.uz
1571,zinmanga.com
1572,spaggiari.eu
1573,eroterest.net
1574,ucweb.com
1575,dhl.com
1576,readmanga.live
1577,up.gov.in
1578,pmkisan.gov.in
1579,onlinesbi.sbi
1580,coinpayu.com
1581,androidwaves.com
1582,patria.org.ve
1583,njuskalo.hr
1584,altibbi.com
1585,gartner.com
1586,komikindo.tv
1587,hochi.news
1588,sexemodel.com
1589,livescore.in
1590,glance.net
1591,1377x.to
1592,list.am
1593,cardmarket.com
1594,logicnow.us
1595,tubidy.cool
1596,animeflv.net
1597,skipthegames.com
1598,doublelist.com
1599,bingoplus.com
1600,porno666.link
1601,xoso.com.vn
1602,ytmp3.nu
1603,autoplius.lt
1604,kakuyomu.jp
1605,americanexpress.com
1606,chordtela.com
1607,hentai.name
1608,rajwap.cc
1609,banvenez.com
1610,truyenfull.vn
1611,battwo.com
1612,qorno.com
1613,extra.cz
1614,porno-zona.com
1615,conectate.com.do
1616,syosetu.org
1617,sonnenbatterie.de
1618,mamastar.jp
1619,humoruniv.com
1620,publi24.ro
1621,skokka.com
1622,centrastage.net
1623,xxxsexjav.com
1624,bt.co
1625,access-33.com
1626,enabiz.gov.tr
1627,zbporn.tv
1628,999.md
1629,vlxx.moe
1630,screener.in
1631,sex4arab.xxx
1632,pornozavr.net
1633,wto.to
1634,diretta.it
1635,vietjack.com
1636,dogdrip.net
1637,tjsp.jus.br
1638,tamilyogi.plus
1639,thisav.com
1640,typekit.com
1641,ecnavi.jp
1642,piccoma.com
1643,saednews.com
1644,skelbiu.lt
1645,freepornvideo.sex
1646,wapoz.info
1647,xvideos5.com
1648,happymh.com
1649,apornvideo.com
1650,tvwiki.top
1651,goal.co
1652,goindian.net
1653,fabguys.com
1654,sexindrag.com
1655,fextok.com
1656,confirmtkt.com
1657,ibomma.link
1658,manga168.com
1659,betika.com
1660,evexxx.com
1661,bancodevenezuela.com
1662,arbada.com
1663,porno18.site
1664,evernote.com
1665,nz.ua
1666,xnxx115.com
1667,coco.gg
1668,gree-apps.net
1669,sarkariresult.com
1670,xxx18hot.com
1671,xnxxsex.net
1672,550909.com
1673,czbooks.net
1674,okxxx1.com
1675,milf33.com
1676,pornhat.one
1677,pomorska.pl
1678,tamildhool.net
1679,kamababa.desi
1680,av19.org
1681,tmohentai.com
1682,yadongtube.net
1683,salonboard.com
1684,yaoilib.me
1685,nosv.org
1686,yatv.net
1687,clip2vip.com
1688,annunci69.it
1689,kunluncan.com
1690,in3x.net
1691,anoboy.show
1692,escortbabylon.net
1693,destacamos.com
1694,ojogodobicho.com
1695,betproexch.com
1696,xnxx.gift
1697,letterboxd.com
1698,tjk.org
1699,jra.go.jp
1700,girlschannel.net
1701,moatpixel.com
1702,ss.com
1703,jra.jp
1704,wannonce.com
1705,shaalaa.com
1706,xvideos4.com
1707,therealxh2.com
1708,olimpbet.kz
1709,123-hd.com
1710,mobcup.net
1711,nettruyenus.com
1712,rezultati.com
1713,avto.net
1714,flashscore.pl
1715,az24.vn
1716,betpawa.ug
1717,mobile-tracker-free.com
1718,letras.mus.br
1719,flashscore.fr
1720,thscore.mobi
1721,escort.club
1722,dewafilm.xyz
1723,heo69.top
1724,boatrace.jp
1725,fsiblog.club
1726,flashscore.com.ve
1727,bakusai.com
1728,sex-studentki.pics
1729,oddspark.com
1730,geny.com
1731,kontur.ru
1732,82xnxx.com
1733,dto.jp
1734,vlxyz.tv
1735,yadongkorea.org
1736,animanch.com
1737,hentailib.me
1738,xxxnd.com
1739,slashlib.me
1740,dpboss.services
1741,casinozeus.vip
1742,kkstories.com
1743,hackerdoslot.com
1744,hindixxxhd.com
1745,nkiri.com
1746,buydomains.com
1747,hdhindisex.com
1748,gali-result.in
1749,turbo.az
1750,satta-king-fixed-no.in
1751,com.se
1752,satta-king-fast.com
1753,lotterysambadresult.in
1754,hnext.jp
1755,madrasati.sa
1756,yadongkorea.red
1757,staseraintv.com
1758,spboss.blog
1759,jalanmenangku.com
1760,onlar.az
1761,wsglb0.com
1762,saveinsta.app
1763,xvideosporno.blog.br
1764,moviesda8.me
1765,deezer.com
1766,ssc.nic.in
1767,gpcloudservice.com
1768,nregastrep.nic.in
1769,barnesandnoble.com
1770,dondominio.com
1771,cloud.com
1772,scientificamerican.com
1773,awswaf.com
1774,bbb.org
1775,capcutapi.com
1776,tvinteractive.tv
1777,nextdoor.com
1778,polyfill.io
1779,nps.gov
1780,topdns.me
1781,digg.com
1782,edgecastdns.net
1783,feedburner.com
1784,tripod.com
1785,hoyoverse.com
1786,fortnite.com
1787,inc.com
1788,starbucks.com
1789,mirror.co.uk
1790,digitaloceanspaces.com
1791,politico.com
1792,watchguard.com
1793,liftoff.io
1794,tencent.com
1795,here.com
1796,network-auth.com
1797,adnxs-simple.com
1798,usgovtrafficmanager.net
1799,scopely.io
1800,cmu.edu
1801,spbycdn.com
1802,amocrm.ru
1803,bytedns1.com
1804,matterport.com
1805,vivo.com.cn
1806,share-dns.com
1807,ftc.gov
1808,peacocktv.com
1809,battle.net
1810,secureserver.net
1811,amazonaws.com.cn
1812,symantec.com
1813,ctmail.com
1814,singular.net
1815,bom.gov.au
1816,fitbit.com
1817,easy4ipcloud.com
1818,slate.com
1819,webhostbox.net
1820,iponweb.net
1821,engadget.com
1822,msauth.net
1823,smi2.net
1824,hoster.kz
1825,afternic.com
1826,arstechnica.com
1827,tealiumiq.com
1828,playfabapi.com
1829,doppiocdn.com
1830,sensic.net
1831,orderbox-dns.com
1832,truste.com
1833,wiktionary.org
1834,thetimes.co.uk
1835,asus.com
1836,betweendigital.com
1837,brightcove.com
1838,walkme.com
1839,tesla.services
1840,hwcdn.ru
1841,expressen.se
1842,fedoraproject.org
1843,telephony.goog
1844,stackexchange.com
1845,deepintent.com
1846,httpbl.org
1847,edgecastcdn.net
1848,zenecn.net
1849,kakaku.com
1850,gizmodo.com
1851,dropboxusercontent.com
1852,getbootstrap.com
1853,gamerant.com
1854,photobucket.com
1855,screenconnect.com
1856,acronis.com
1857,grserver.gr
1858,admin.ch
1859,drmgms.com
1860,mapbox.com
1861,pravda.com.ua
1862,honeywell.com
1863,elegantthemes.com
1864,jhu.edu
1865,asu.edu
1866,yandexcloud.net
1867,fao.org
1868,quantcount.com
1869,hik-connect.com
1870,mlb.com
1871,msappproxy.net
1872,cdnbasket.net
1873,atg.se
1874,lc.chat
1875,megafon.ru
1876,aka.ms
1877,discord.media
1878,dictionary.com
1879,ultradns.com
1880,anydesk.com
1881,revopush.com
1882,tendawifi.com
1883,privacymanager.io
1884,ucsd.edu
1885,lgtvcommon.com
1886,huntress.io
1887,p-cdn.com
1888,sitemaps.org
1889,opera.software
1890,segment.com
1891,skyeng.ru
1892,www.nhs.uk
1893,chinatimes.com
1894,umbrella.com
1895,istockphoto.com
1896,dbankedge.cn
1897,adobess.com
1898,eff.org
1899,thelancet.com
1900,guardian.co.uk
1901,google.co.id
1902,acs.org
1903,inbake.com
1904,afcdn.net
1905,ed.gov
1906,amd.com
1907,qqq-ttss.su
1908,entrepreneur.com
1909,callofduty.com
1910,uchicago.edu
1911,pnas.org
1912,squareup.com
1913,getgo.com
1914,sendbird.com
1915,postgresql.org
1916,apple-cloudkit.com
1917,gamer.com.tw
1918,jetbrains.com
1919,myhostadmin.net
1920,sberbank.ru
1921,mediago.io
1922,census.gov
1923,alikunlun.com
1924,timeanddate.com
1925,wellsfargo.com
1926,waze.com
1927,takeaway.com
1928,themeisle.com
1929,mookie1.com
1930,medallia.com
1931,si.edu
1932,figma.com
1933,stumbleupon.com
1934,fastlylb.net
1935,dashlane.com
1936,exp-tas.com
1937,admanmedia.com
1938,usgs.gov
1939,adp.com
1940,letsencrypt.org
1941,wayfair.com
1942,adblockplus.org
1943,xhamster3.com
1944,liveperson.net
1945,techtarget.com
1946,proofpoint.com
1947,jamanetwork.com
1948,dropcatch.com
1949,app.link
1950,sakura.ne.jp
1951,cdek.ru
1952,jwpltx.com
1953,jino.ru
1954,bls.gov
1955,sfgate.com
1956,rt.com
1957,house.gov
1958,canada.ca
1959,uidai.gov.in
1960,mxptint.net
1961,jwplayer.com
1962,goguardian.com
1963,heapanalytics.com
1964,rockstargames.com
1965,uk.com
1966,amarujala.com
1967,digistorm.com
1968,eu-1-id5-sync.com
1969,karnataka.gov.in
1970,siemens.com
1971,pinterest.ca
1972,adsmoloco.com
1973,outbrainimg.com
1974,webs.com
1975,gotowebinar.com
1976,happymod.com
1977,almasryalyoum.com
1978,filmweb.pl
1979,amap.com
1980,dnsdomen.com
1981,isappcloud.com
1982,riotcdn.net
1983,google.com.vn
1984,drift.com
1985,supercell.com
1986,rkdms.com
1987,ufl.edu
1988,variety.com
1989,trilltrill.jp
1990,jav.guru
1991,urbanairship.com
1992,freshsexvideos.com
1993,gdemoideti.ru
1994,rat.xxx
1995,netlify.app
1996,stat-rock.com
1997,xxx-sex.one
1998,bestsexxxporn.com
1999,pornhub.org
2000,flightrising.com
2001,pari-match-bet.in
2002,ad-delivery.net
2003,akamai.com
2004,bcvcdn.com
2005,tudogostoso.com.br
2006,logitech.com
2007,nyu.edu
2008,eyeota.net
2009,storysaver.net
2010,docker.io
2011,sc-static.net
2012,aboutcookies.org
2013,loopme.me
2014,hibiny.ru
2015,su89-cdn.net
2016,domaindiscount24.net
2017,citrix.com
2018,emxdgt.com
2019,xxxvideo.link
2020,an1.com
2021,hhs.gov
2022,lxtgame.com
2023,canvas-user-content.com
2024,symcb.com
2025,dramacool.com.pa
2026,people.com.cn
2027,yallakora.com
2028,akamaitech.net
2029,xoso.mobi
2030,negozioxporn.com
2031,manhuascan.com
2032,3gpking.name
2033,xxxin.mobi
2034,uiuc.edu
2035,52shuku.vip
2036,wuxiabee.com
2037,sensetoken.com
2038,smadex.com
2039,mygov.in
2040,lk21official.wiki
2041,adblockultimate.net
2042,otvfoco.com.br
2043,zopim.com
2044,sexvid.porn
2045,timenews.co.id
2046,adentifi.com
2047,gulfsexxx.com
2048,ahindian.com
2049,sex-arabi.com
2050,sexelarab.com
2051,gama.ir
2052,arlo.com
2053,oraclecloud.com
2054,ford.com
2055,anwap.movie
2056,comodoca.com
2057,flashscore.mobi
2058,umeng.com
2059,samsungnyc.com
2060,zistop.com
2061,livescience.com
2062,tenable.com
2063,bpexch.com
2064,toxx.org
2065,hotxv.com
2066,tvguia.es
2067,xnxxx.xyz
2068,hentaivn.autos
2069,gda.pl
2070,mawarkamboja.com
2071,ssa.gov
2072,xn--2-zwfi5czan3iwbf1f5e6cya.com
2073,site777.jp
2074,spaceweb.ru
2075,1688porn.tv
2076,pandasecurity.com
2077,mfadsrvr.com
2078,778inago.com
2079,hackerdoslot2.com
2080,5movierulz.top
2081,ria.ru
2082,bookep.autos
2083,sattamatkano1.me
2084,gos-gsp.io
2085,keralalotterytoday.com
2086,kolkataff.in
2087,newtoki317.com
2088,hostedrmm.com
2089,nikkei.com
2090,bitbucket.org
2091,weborama.fr
2092,planningcenteronline.com
2093,webempresa.eu
2094,rollingstone.com
2095,bitly.com
2096,ny.gov
2097,saasprotection.com
2098,uisp.com
2099,nextmillmedia.com
2100,wetransfer.com
2101,express.co.uk
2102,weather.gov
2103,kernel.org
2104,stripchat.com
2105,anchor.fm
2106,indiegogo.com
2107,instacart.com
2108,garena.com
2109,tubi.io
2110,semasio.net
2111,ampproject.net
2112,gog.com
2113,parsely.com
2114,dynamics.com
2115,alphonso.tv
2116,google.com.ua
2117,like.video
2118,hkppay.com
2119,army.mil
2120,pcmag.com
2121,onenote.net
2122,iheart.com
2123,fastclick.net
2124,usc.edu
2125,adobelogin.com
2126,blizzard.com
2127,dhs.gov
2128,sinaedge.com
2129,kunlunsl.com
2130,wikia.com
2131,revcontent.com
2132,bizjournals.com
2133,nettruyenbing.com
2134,ringcentral.com
2135,bund.de
2136,so.com
2137,telegra.ph
2138,moengage.com
2139,unicef.org
2140,zdassets.com
2141,fool.com
2142,xnxx.luxe
2143,freefiremobile.com
2144,oamfuture.com
2145,ddnss.de
2146,espncdn.com
2147,novelmax.net
2148,ps.kz
2149,purebokep.one
2150,newtoki319.com
2151,manatoki319.net
2152,lego.com
2153,booktoki319.com
2154,ucdavis.edu
2155,brightcloud.com
2156,vkuseraudio.net
2157,vegamovies.dad
2158,yako.red
2159,poop.cx
2160,senate.gov
2161,rqtrk.eu
2162,cedexis.com
2163,xxxbfvideos.net
2164,bollyflix.fans
2165,shopifysvc.com
2166,resharekobolds.top
2167,techradar.com
2168,dualeotruyenww.com
2169,eu.org
2170,snapkit.com
2171,e-volution.ai
2172,earthlink.net
2173,simontokx.art
2174,eum-appdynamics.com
2175,richaudience.com
2176,ismq.org.vn
2177,moviesda9.com
2178,beelinegprs.ru
2179,lg.com
2180,mp4moviez.gs
2181,sweb.ru
2182,dotmovies.bet
2183,isaidub6.com
2184,samsungiotcloud.com
2185,chicagotribune.com
2186,purdue.edu
2187,netscape.com
2188,hdhub4u.foo
2189,filmyfly.zip
2190,filmyzilla.com.sc
2191,nsone.net
2192,newtoki318.com
2193,dpbossx.net
2194,kochava.com
2195,7dakxg.com
2196,uwindsor.ca
2197,khanacademy.org
2198,cutt.ly
2199,pages.dev
2200,nordvpn.com
2201,aarp.org
2202,heytapmobi.com
2203,bazaarvoice.com
2204,adcolony.com
2205,gotinder.com
2206,mi-img.com
2207,sonos.com
2208,nubank.com.br
2209,arizona.edu
2210,cachefly.net
2211,yotpo.com
2212,paychex.com
2213,globenewswire.com
2214,pwc.com
2215,mercadolibre.com
2216,tawk.to
2217,sec.gov
2218,vihub.ru
2219,smh.com.au
2220,unc.edu
2221,eeyy.com
2222,nel.goog
2223,adotmob.com
2224,howstuffworks.com
2225,kgslb.com
2226,easebar.com
2227,snackvideo.in
2228,advertising.com
2229,capcut.com
2230,iana.org
2231,usertrust.com
2232,trueconf.net
2233,meituan.com
2234,azure.net
2235,today.com
2236,kakao.com
2237,cloud.microsoft
2238,magsrv.com
2239,bbci.co.uk
2240,capitalone.com
2241,adition.com
2242,webpkgcache.com
2243,oppomobile.com
2244,onelink.me
2245,themoviedb.org
2246,clarium.io
2247,hotjar.io
2248,itv.com
2249,linksynergy.com
2250,adsco.re
2251,nejm.org
2252,acm.org
2253,glassdoor.com
2254,utoronto.ca
2255,onmicrosoft.com
2256,tapjoy.com
2257,fullstory.com
2258,bfmio.com
2259,scmp.com
2260,sapo.pt
2261,e-planning.net
2262,rakuten.com
2263,undertone.com
2264,marketingcloudapis.com
2265,wechat.com
2266,gvt3.com
2267,redislabs.com
2268,clevelandclinic.org
2269,truecaller.com
2270,palmplaystore.com
2271,thawte.com
2272,zpath.net
2273,one.com
2274,siriusxm.com
2275,volcfcdndvs.com
2276,m.me
2277,samba.tv
2278,aa.com
2279,mitre.org
2280,msu.edu
2281,rezync.com
2282,umd.edu
2283,itu.int
2284,duke.edu
2285,tailscale.io
2286,servenobid.com
2287,google.com.ar
2288,ssrn.com
2289,qz.com
2290,miro.com
2291,mindbox.ru
2292,thehill.com
2293,protek.ru
2294,navy.mil
2295,nbf.ae
2296,prezi.com
2297,enable-javascript.com
2298,welt.de
2299,alipay.com
2300,abtasty.com
2301,pippio.com
2302,evergage.com
2303,geotrust.com
2304,miniclippt.com
2305,google.co.th
2306,lkqd.net
2307,anythinktech.com
2308,freebsd.org
2309,mcafee-cloud.com
2310,google.ch
2311,signal.org
2312,ticketmaster.com
2313,apdcdn.com
2314,permutive.app
2315,mixcloud.com
2316,acoustic-adm.com
2317,qcloud.com
2318,medlineplus.gov
2319,opecloud.com
2320,minutemedia-prebid.com
2321,adkernel.com
2322,gshifen.com
2323,nfl.com
2324,g.co
2325,lge.com
2326,akstat.io
2327,bbtec.net
2328,tvsquared.com
2329,metro.co.uk
2330,mimecast.com
2331,wixdns.net
2332,accenture.com
2333,flipboard.com
2334,ico.org.uk
2335,opsgenie.com
2336,cloudfunctions.net
2337,cdnhwc3.com
2338,onenote.com
2339,cpi.ad.jp
2340,tele2.ru
2341,seedtag.com
2342,workers.dev
2343,tidal.com
2344,azure-dns.net
2345,akaquill.net
2346,primis.tech
2347,moodle.org
2348,disney.com
2349,overwolf.com
2350,ey.com
2351,esquire.com
2352,2o7.net
2353,appboy.com
2354,paramountplus.com
2355,telekom.de
2356,fidelity.com
2357,sportradar.com
2358,pndsn.com
2359,register.com
2360,dutils.com
2361,lifehacker.com
2362,sony.com
2363,google.be
2364,rosintel.com
2365,history.com
2366,hcaptcha.com
2367,glpals.com
2368,unmsapp.com
2369,liftoff-creatives.io
2370,prmsrvs.com
2371,gallup.com
2372,theglobeandmail.com
2373,trpcdn.net
2374,dtvce.com
2375,useinsider.com
2376,united.com
2377,sap.com
2378,wps.com
2379,fotostrana.ru
2380,line-apps.com
2381,altervista.org
2382,naver.jp
2383,adingo.jp
2384,bounceexchange.com
2385,gtm-a2b2.com
2386,google.at
2387,confiant-integrations.net
2388,minecraft.net
2389,nymag.com
2390,hpe.com
2391,russianpost.ru
2392,technoratimedia.com
2393,rainberrytv.com
2394,clean.gg
2395,jagex.com
2396,scene7.com
2397,ogury.io
2398,citi.com
2399,cedexis-radar.net
2400,archives.gov
2401,usa.gov
2402,lnkd.in
2403,izatcloud.net
2404,dynamicyield.com
2405,clevertap-prod.com
2406,leiniao.com
2407,jiveip.net
2408,moicentr.ru
2409,mastercard.com
2410,boostmobile.com
2411,crazyegg.com
2412,smithsonianmag.com
2413,snaptube.app
2414,justice.gov
2415,ubc.ca
2416,roskazna.ru
2417,codebig2.net
2418,propluslogics.com
2419,ezvizru.com
2420,uhc.com
2421,google.se
2422,4wps.net
2423,entergy.com
2424,newscientist.com
2425,ask.com
2426,topgslb.com
2427,shutterfly.com
2428,tuyaus.com
2429,wac-dc-msedge.net
2430,fwmrm.net
2431,samsungdm.com
2432,starmakerstudios.com
2433,openssl.org
2434,translate.goog
2435,cootlogix.com
2436,sonicwall.com
2437,euronews.com
2438,google.com.sa
2439,foodnetwork.com
2440,adscale.de
2441,kampyle.com
2442,llnwd.net
2443,carfax.com
2444,a-mx.com
2445,hollywoodreporter.com
2446,automattic.com
2447,energy.gov
2448,tamu.edu
2449,miitbeian.gov.cn
2450,lww.com
2451,unity.com
2452,com.com
2453,lenovo.com.cn
2454,brightcove.net
2455,armgs.team
2456,investing.com
2457,bigcartel.com
2458,secb2b.com
2459,onetrust.io
2460,ravm.tv
2461,dnsimple.com
2462,ucoz.ru
2463,venturebeat.com
2464,hadronid.net
2465,px-cloud.net
2466,gameanalytics.com
2467,colorado.edu
2468,verizon.net
2469,illinois.edu
2470,hse.ru
2471,namecheaphosting.com
2472,google.co.kr
2473,doordash.com
2474,parklogic.com
2475,auctollo.com
2476,gap.com
2477,meta.com
2478,slackb.com
2479,bitrixphone.com
2480,intal.uz
2481,ndtv.com
2482,capitaloneshopping.com
2483,foursquare.com
2484,iubenda.com
2485,collegeboard.org
2486,rutube.ru
2487,turbosquid.com
2488,smilewanted.com
2489,lastpass.com
2490,northwestern.edu
2491,bing.net
2492,geoedge.be
2493,rbx.com
2494,toponadss.com
2495,messenger.com
2496,drupal.org
2497,malwarebytes.com
2498,olx.ua
2499,web.dev
2500,sascdn.com
2501,tdnsv5.com
2502,slashdot.org
2503,system-monitor.com
2504,mintegral.net
2505,samsclub.com
2506,unrealengine.com
2507,a-ads.com
2508,kahoot.it
2509,imageshack.us
2510,fbpigeon.com
2511,treasuredata.com
2512,soom.la
2513,connectad.io
2514,applvn.com
2515,gamespot.com
2516,libsyn.com
2517,tmz.com
2518,yimg.jp
2519,hatena.ne.jp
2520,inleed.net
2521,discordapp.net
2522,your-server.de
2523,ihg.com
2524,smailru.net
2525,auth0.com
2526,java.com
2527,ruidongcloud.com
2528,ex.co
2529,1688.com
2530,groupon.com
2531,visa.com
2532,strava.com
2533,qianxun.com
2534,audible.com
2535,ltwebstatic.com
2536,micpn.com
2537,zynga.com
2538,sovcombank.ru
2539,on.aws
2540,sogou.com
2541,sbis.ru
2542,apachefriends.org
2543,shopeemobile.com
2544,chinadaily.com.cn
2545,ibytedtos.com
2546,sgsnssdk.com
2547,kde.org
2548,site.com
2549,bigcommerce.com
2550,acrobat.com
2551,semrush.com
2552,pruffme.com
2553,icq.com
2554,narod.ru
2555,hotels.com
2556,bigolive.tv
2557,uniqlo.com
2558,rs6.net
2559,chegg.com
2560,solvay.com
2561,parallels.com
2562,weatherbug.net
2563,dfaklj.tech
2564,bitnami.com
2565,dot.gov
2566,uc.cn
2567,kwcdn.com
2568,privacyshield.gov
2569,sc-prod.net
2570,litix.io
2571,swiftkey.com
2572,ikarem.io
2573,privacy-center.org
2574,admixer.net
2575,walgreens.com
2576,grafana.com
2577,siteimproveanalytics.io
2578,printercloud.com
2579,disquscdn.com
2580,cookiebot.com
2581,adsensecustomsearchads.com
2582,globalpay.com
2583,google.cz
2584,last.fm
2585,thoughtco.com
2586,tmall.com
2587,localytics.com
2588,hyatt.com
2589,freshchat.com
2590,orange.fr
2591,dbankedge.net
2592,ib-ibi.com
2593,pochta.ru
2594,acuityplatform.com
2595,pushwoosh.com
2596,evidon.com
2597,akasripcn.net
2598,alx.media
2599,treasury.gov
2600,cosmopolitan.com
2601,technologyreview.com
2602,imf.org
2603,likee.video
2604,mediahils.ru
2605,windy.com
2606,zoom.com
2607,thenai.org
2608,google.pt
2609,podbean.com
2610,uspto.gov
2611,streamtheworld.com
2612,moz.com
2613,otm-r.com
2614,nydailynews.com
2615,home-assistant.io
2616,yammer.com
2617,phys.org
2618,skimresources.com
2619,im-apps.net
2620,ipinfo.io
2621,bitwarden.com
2622,chase.com
2623,bodis.com
2624,congress.gov
2625,stripe.network
2626,tinypass.com
2627,vogue.com
2628,mycdn.me
2629,jimdofree.com
2630,nflxext.com
2631,nokia.com
2632,zijieapi.com
2633,gldn.net
2634,chron.com
2635,piano.io
2636,crunchyroll.com
2637,rosminzdrav.ru
2638,ucl.ac.uk
2639,easybrain.com
2640,tdnsv6.com
2641,a2hosting.com
2642,kwimgs.com
2643,goodhousekeeping.com
2644,contentstack.io
2645,nasdaq.com
2646,constellix.com
2647,iqiyi.com
2648,didiglobal.com
2649,belkin.com
2650,amemv.com
2651,pubnub.com
2652,google.gr
2653,hsforms.com
2654,google.dk
2655,dol.gov
2656,remotepc.com
2657,barracudanetworks.com
2658,cbr.ru
2659,wistia.com
2660,thedailybeast.com
2661,bfmtv.com
2662,serverdata.net
2663,rfc-editor.org
2664,kueezrtb.com
2665,gosq.net
2666,inmobicdn.net
2667,wa.gov
2668,hihonorcloud.com
2669,google.hu
2670,fcc.gov
2671,ibb.co
2672,google.ro
2673,intermedia.net
2674,klarna.com
2675,www.gov.cn
2676,keplr.app
2677,about.me
2678,web.de
2679,itch.io
2680,blogspot.co.uk
2681,ezoicns.com
2682,ning.com
2683,urbandictionary.com
2684,cancer.org
2685,yutex.ru
2686,insider.com
2687,dnsv1.com.cn
2688,airslate.com
2689,pstatp.com
2690,sprinklr.com
2691,tuyaeu.com
2692,virginia.edu
2693,lastline.com
2694,kinedns.net
2695,consumerreports.org
2696,blog.google
2697,instructables.com
2698,axios.com
2699,jivox.com
2700,felenasoft.com
2701,digitaltrends.com
2702,bu.edu
2703,tplinknbu.com
2704,awmdm.com
2705,outlookindia.com
2706,1password.com
2707,lenovomm.com
2708,livestream.com
2709,presage.io
2710,tlivepush.com
2711,csdn.net
2712,itau.com.br
2713,yastatic.net
2714,selcloud.ru
2715,vanityfair.com
2716,spotify.net
2717,uribl.com
2718,beyla.site
2719,elle.com
2720,douban.com
2721,jwpsrv.com
2722,aptrinsic.com
2723,hubspot.net
2724,realtor.com
2725,tabletcaptiveportal.com
2726,thomsonreuters.com
2727,rottentomatoes.com
2728,adguard.com
2729,pubnative.net
2730,douyinliving.com
2731,indianexpress.com
2732,opensource.org
2733,svcmot.com
2734,nexon.com
2735,urldefense.com
2736,fanduel.com
2737,merlincdn.net
2738,zeit.de
2739,steamserver.net
2740,microsoftapp.net
2741,nhk.or.jp
2742,voanews.com
2743,discovery.com
2744,alibabacorp.com
2745,pacloudflare.com
2746,sephora.com
2747,gfx.ms
2748,google.com.co
2749,yandexadexchange.net
2750,gmx.net
2751,google.cl
2752,heart.org
2753,us.com
2754,cuny.edu
2755,osu.edu
2756,rutgers.edu
2757,azure-api.net
2758,mcm.ru
2759,intercom.com
2760,hootsuite.com
2761,foxbusiness.com
2762,angelfire.com
2763,france24.com
2764,freshdesk.com
2765,apptentive.com
2766,pbstck.com
2767,icann.org
2768,pastebin.com
2769,avito.st
2770,rr.com
2771,mystrikingly.com
2772,accor.com
2773,padlet.com
2774,pphosted.com
2775,flaticon.com
2776,ycombinator.com
2777,mythad.com
2778,topdns.com
2779,ably.io
2780,netgate.com
2781,hubble.in
2782,perl.org
2783,bk6bba-resources.com
2784,siue.edu
2785,tizen.org
2786,libbyshelf.com
2787,ss2.us
2788,wixstatic.com
2789,fbi.gov
2790,philips.com
2791,gutenberg.org
2792,asana.com
2793,inmotionhosting.com
2794,lenta.ru
2795,artstation.com
2796,dynect.net
2797,thrtle.com
2798,boston.com
2799,webflow.com
2800,alpha-prm.jp
2801,drweb.com
2802,google.sk
2803,imolive2.com
2804,ispot.tv
2805,monikerdns.net
2806,dmoz.org
2807,joomla.org
2808,wordreference.com
2809,brookings.edu
2810,strln.net
2811,bybit.com
2812,thomsonreuters.net
2813,asahi.com
2814,susercontent.com
2815,mos.ru
2816,king.com
2817,google.com.eg
2818,websitepridecounseling.com
2819,trafficjunky.net
2820,activtrak.net
2821,utah.edu
2822,google.com.pe
2823,startappservice.com
2824,starlink.com
2825,cell.com
2826,sueddeutsche.de
2827,cybertrust.com
2828,gettyimages.com
2829,pullcm.com
2830,woocommerce.com
2831,git-scm.com
2832,timesofisrael.com
2833,ethz.ch
2834,microsoftazuread-sso.com
2835,kuaishou.com
2836,demandbase.com
2837,pushimg.com
2838,arcticwolf.net
2839,orcid.org
2840,datadoghq.eu
2841,hyprmx.com
2842,spb.ru
2843,googleapis.cn
2844,elastic.co
2845,mathworks.com
2846,clicktale.net
2847,powerbi.com
2848,microsoft.us
2849,nsw.gov.au
2850,vzwwo.com
2851,fdv2-t-msedge.net
2852,tdnsstic1.cn
2853,piojm.tech
2854,justhost.ru
2855,pullcf.com
2856,nheos.com
2857,flightradar24.com
2858,faqs.org
2859,quillbot.com
2860,vkplay.ru
2861,coloros.com
2862,2miners.com
2863,doppiocdn.net
2864,rian.ru
2865,v-mate.mobi
2866,home.pl
2867,adlightning.com
2868,lync.com
2869,twtrdns.net
2870,generatepress.com
2871,amagi.tv
2872,getadblock.com
2873,vimeocdn.com
2874,r7ops.com
2875,sophosupd.com
2876,theregister.com
2877,dbs.com
2878,dssott.com
2879,activision.com
2880,digitaltarget.ru
2881,unimelb.edu.au
2882,zdf.de
2883,ztomy.com
2884,tableau.com
2885,semanticscholar.org
2886,siteground.biz
2887,coe.int
2888,awmcdn.net
2889,comodo.com
2890,afilias-nst.info
2891,adtng.com
2892,rumble.com
2893,sl.pt
2894,medscape.com
2895,max.com
2896,aviasales.ru
2897,mapquest.com
2898,he.net
2899,duosecurity.com
2900,weibo.cn
2901,tubecup.net
2902,hotstar.com
2903,privacy-mgmt.com
2904,cancer.gov
2905,zeasn.tv
2906,tenor.com
2907,boredpanda.com
2908,delta.com
2909,ozone.ru
2910,db.com
2911,xe.com
2912,dmcdn.net
2913,enacom.gob.ar
2914,imgix.net
2915,quantcast.com
2916,trafficfactory.biz
2917,hoster.ru
2918,ilo.org
2919,arcpublishing.com
2920,cctv.com
2921,ubisoft.com
2922,wufoo.com
2923,helpshift.com
2924,undp.org
2925,histats.com
2926,xiaohongshu.com
2927,mradx.net
2928,wordpress.net
2929,intercomcdn.com
2930,glanceapis.com
2931,klarna.net
2932,wikidot.com
2933,broadcom.com
2934,fortinet.com
2935,haxx.se
2936,rainbird.com
2937,ap4r.com
2938,net-line.pro
2939,kp.ru
2940,toyota.com
2941,createjs.com
2942,sophosxl.net
2943,moe.video
2944,mnaspm.com
2945,safedk.com
2946,woo.com
2947,kinopoisk.ru
2948,tnaflix.com
2949,thebalancemoney.com
2950,ibosscloud.com
2951,tenda.com.cn
2952,opera.technology
2953,focus.de
2954,dssedge.com
2955,likeevideo.ru
2956,google.com.sg
2957,cpan.org
2958,dimeco.ru
2959,worldfcdn.com
2960,google.com.ph
2961,nazwa.pl
2962,isc.org
2963,movetv.com
2964,orbsrv.com
2965,iop.org
2966,adaether.com
2967,tapclap.com
2968,wpadmngr.com
2969,thefreedictionary.com
2970,clickagy.com
2971,leagueoflegends.com
2972,infojobs.net
2973,thingiverse.com
2974,jhkkjkj.com
2975,samplicio.us
2976,garenanow.com
2977,crpt.ru
2978,ctfassets.net
2979,toutiao.com
2980,arkoselabs.com
2981,google.co.za
2982,jnj.com
2983,nyc.gov
2984,ccgateway.net
2985,aj1907.online
2986,zscaler.net
2987,ucsb.edu
2988,nurd.com
2989,tubitv.com
2990,texas.gov
2991,cbslocal.com
2992,monash.edu
2993,ncsu.edu
2994,redfin.com
2995,meitu.com
2996,aibixby.com
2997,hh.ru
2998,datadoghq-browser-agent.com
2999,stuff.co.nz
3000,acorns.com
3001,houzz.com
3002,staticflickr.com
3003,cbssports.com
3004,novell.com
3005,softonic.com
3006,anker-in.com
3007,thehindu.com
3008,odoo.com
3009,vrbo.com
3010,google.ie
3011,foxsports.com
3012,standard.co.uk
3013,wb.ru
3014,lg.co.kr
3015,dbankcdn.cn
3016,zend.com
3017,flic.kr
3018,ad-score.com
3019,conferdeploy.net
3020,salon.com
3021,crunchbase.com
3022,code42.com
3023,progressive.com
3024,wustl.edu
3025,fbs1-t-msedge.net
3026,gccdn.net
3027,sbb.ch
3028,seekingalpha.com
3029,mrf.io
3030,ed.ac.uk
3031,nerdwallet.com
3032,sense.com
3033,cquotient.com
3034,usembassy.gov
3035,fifa.com
3036,adnxs.net
3037,backblazeb2.com
3038,itsupport247.net
3039,ctadns.cn
3040,locaweb.com.br
3041,lsu.edu
3042,threads.net
3043,ebaystatic.com
3044,ccc.de
3045,transcend.io
3046,ns1p.net
3047,zenlogic.net
3048,sb-cd.com
3049,imotech.tech
3050,wtxcdn.com
3051,porsche.com
3052,ryanair.com
3053,kpmg.com
3054,opera-api2.com
3055,curl.se
3056,mpg.de
3057,bostonglobe.com
3058,qnap.com
3059,patch.com
3060,cachenow.net
3061,lonelyplanet.com
3062,a1q7.net
3063,afrinic.net
3064,cvs.com
3065,google.fi
3066,ally.com
3067,live-video.net
3068,rtve.es
3069,cern.ch
3070,d-53.jp
3071,puzztake.com
3072,emb-api.com
3073,google.co.il
3074,yumpu.com
3075,1drv.ms
3076,page.link
3077,is.gd
3078,indiana.edu
3079,paypal.me
3080,cdn13.com
3081,liveintent.com
3082,smartsheet.com
3083,newegg.com
3084,usaa.com
3085,icndns.net
3086,mtu.ru
3087,ojsbdjn.com
3088,imagemagick.org
3089,msftstatic.com
3090,over-blog.com
3091,cygwin.com
3092,greenpeace.org
3093,bunnyinfra.net
3094,catawiki.com
3095,mobiusltd.com
3096,tagesschau.de
3097,slack-edge.com
3098,userway.org
3099,storygize.net
3100,afraid.org
3101,wshifen.com
3102,fortinet.net
3103,eventbrite.co.uk
3104,univie.ac.at
3105,infolinks.com
3106,ovhcloud.com
3107,ipvanish.com
3108,google.co.nz
3109,smugmug.com
3110,weerrhoop.cc
3111,ohchr.org
3112,ow.ly
3113,wargaming.net
3114,globalnews.ca
3115,uplynk.com
3116,heise.de
3117,coursehero.com
3118,bt.com
3119,nzherald.co.nz
3120,sonnen.de
3121,telenet-ops.be
3122,just-eat.co.uk
3123,videolan.org
3124,geeksforgeeks.org
3125,isprog.com
3126,iotcplatform.com
3127,appiancloud.com
3128,plex.direct
3129,arc-msedge.net
3130,schneier.com
3131,dtln.ru
3132,usgovcloudapp.net
3133,afilias-nst.org
3134,gifshow.com
3135,bleacherreport.com
3136,mosyle.com
3137,panasonic.com
3138,zara.com
3139,ipcc.ch
3140,digital.com
3141,rostelecom.ru
3142,vt.edu
3143,tribunnews.com
3144,msnbc.com
3145,magonet.ru
3146,sprintlink.net
3147,square.site
3148,timeout.com
3149,mcdonalds.com
3150,fliphtml5.com
3151,nodejs.org
3152,qpic.cn
3153,thesaurus.com
3154,redbubble.com
3155,pitt.edu
3156,sputniknews.com
3157,toasttab.com
3158,discomax.com
3159,iinet.net.au
3160,billboard.com
3161,feedly.com
3162,gemius.pl
3163,centos.org
3164,namequery.com
3165,ak-is2.net
3166,dvr163.com
3167,iterable.com
3168,serasa.com.br
3169,knt9.xyz
3170,smi2.ru
3171,byjuliana.fr
3172,just-eat.com
3173,pinterest.co.uk
3174,500px.com
3175,calameo.com
3176,sketchfab.com
3177,google.com.my
3178,npmjs.com
3179,zalo.me
3180,indec.gob.ar
3181,irishtimes.com
3182,amazon.ae
3183,office365.us
3184,olympics.com
3185,qiniudns.com
3186,jpost.com
3187,centralnic.net
3188,xero.com
3189,4shared.com
3190,caniuse.com
3191,grindr.com
3192,hopkinsmedicine.org
3193,wpastra.com
3194,clickup.com
3195,faz.net
3196,dreamstime.com
3197,venmo.com
3198,ftstatic.com
3199,ettdnsv.com
3200,spotim.market
3201,samsungcloudcdn.com
3202,volkswagen.de
3203,wps.cn
3204,brand-display.com
3205,okx.com
3206,statefarm.com
3207,leparisien.fr
3208,hostpoint.ch
3209,affirm.com
3210,youronlinechoices.eu
3211,ml314.com
3212,microfocus.com
3213,my.games
3214,telenet.be
3215,pscp.tv
3216,gamestop.com
3217,onaudience.com
3218,nobelprize.org
3219,ensighten.com
3220,example.org
3221,verywellmind.com
3222,inkuai.com
3223,rtactivate.com
3224,footprint.net
3225,sba.gov
3226,jwpcdn.com
3227,mimecast.net
3228,pcworld.com
3229,ekatox.com
3230,instana.io
3231,livemint.com
3232,space.com
3233,tripadvisor.co.uk
3234,etc.uz
3235,airtable.com
3236,nicehash.com
3237,fti.net
3238,splunkcloud.com
3239,meizu.com
3240,volcgslb.com
3241,getdropbox.com
3242,hawaii.edu
3243,nhl.com
3244,bittorrent.com
3245,mongodb.net
3246,donga.com
3247,adidas.com
3248,nic.uk
3249,tass.ru
3250,thestar.com
3251,menshealth.com
3252,mcusercontent.com
3253,rei.com
3254,codepen.io
3255,tufts.edu
3256,sprint.com
3257,jiocinema.com
3258,audrte.com
3259,miibeian.gov.cn
3260,163img.com
3261,finam.ru
3262,ctvnews.ca
3263,qualys.com
3264,latamairlines.com
3265,rg.ru
3266,eurekalert.org
3267,google.bg
3268,gatech.edu
3269,vanderbilt.edu
3270,webflow.io
3271,vanguard.com
3272,georgetown.edu
3273,tubemogul.com
3274,hrw.org
3275,southwest.com
3276,yolasite.com
3277,ahacdn.me
3278,breitbart.com
3279,mountain.com
3280,whecloud.com
3281,mfms.ru
3282,meb.gov.tr
3283,shawcable.net
3284,kwai.com
3285,zdxcloud.net
3286,cognitivlabs.com
3287,hgtv.com
3288,hover.com
3289,anyclip.com
3290,sharepointonline.com
3291,alikunlun.net
3292,hwcdn.net
3293,thestreet.com
3294,steamcontent.com
3295,technorail.com
3296,cymru.com
3297,symcd.com
3298,unl.edu
3299,hs-scripts.com
3300,ninjarmm.com
3301,harpersbazaar.com
3302,jio.com
3303,found.io
3304,slickdeals.net
3305,video.az
3306,edge.apple
3307,prweb.com
3308,cloudbackup.management
3309,blackspider.com
3310,themegrill.com
3311,freshworksapi.com
3312,mndsrv.com
3313,gtld.biz
3314,grammarlyaws.com
3315,usercentrics.eu
3316,archlinux.org
3317,loom.com
3318,google.com.pk
3319,afreecatv.com
3320,threatlocker.com
3321,sureserver.com
3322,ustream.tv
3323,telstra.com.au
3324,seattletimes.com
3325,deadline.com
3326,wipo.int
3327,evotor.ru
3328,notion.site
3329,fashionnova.com
3330,pku.edu.cn
3331,edu-servers.net
3332,kagoya.net
3333,amazon.sa
3334,safety.google
3335,foresee.com
3336,gameloft.com
3337,azure.us
3338,riskified.com
3339,eu.com
3340,securedvisit.com
3341,bitmoji.com
3342,zalando.de
3343,goo.ne.jp
3344,cqloud.com
3345,databricks.com
3346,alexa.com
3347,bytedance.com
3348,google.hr
3349,kxcdn.com
3350,livedns.co.uk
3351,bedbathandbeyond.com
3352,esa.int
3353,zeotap.com
3354,abc.es
3355,pavietnam.vn
3356,google.no
3357,rqmob.com
3358,myhuaweicloud.com
3359,brightspace.com
3360,popin.cc
3361,zscalertwo.net
3362,arnebrachhold.de
3363,rokt.com
3364,draftkings.com
3365,google.co.ve
3366,zscalerthree.net
3367,sfu.ca
3368,123rutor.su
3369,oray.com
3370,ndmdhs.com
3371,uoregon.edu
3372,myvzw.com
3373,jpush.cn
3374,google.lt
3375,fubo.tv
3376,kbb.com
3377,gumroad.com
3378,santander.com.br
3379,osha.gov
3380,virginm.net
3381,caltech.edu
3382,nbcsports.com
3383,ixigua.com
3384,cvent.com
3385,hs-analytics.net
3386,plground.live
3387,hs-banner.com
3388,ecdnx.com
3389,google.ae
3390,nyt.com
3391,fyber.com
3392,samsungconsent.com
3393,viglink.com
3394,unity3dusercontent.com
3395,smartclip.net
3396,computerworld.com
3397,pananames.com
3398,ctnsnet.com
3399,msi.com
3400,cia.gov
3401,gpubgm.com
3402,protechts.net
3403,outboundproxy.com
3404,vonedge.com
3405,rutarget.ru
3406,rackspacecloud.com
3407,yle.fi
3408,sciencealert.com
3409,fastly-insights.com
3410,adguard-vpn.online
3411,openxcdn.net
3412,serveriai.lt
3413,lifewire.com
3414,fastly-edge.com
3415,infocyte.com
3416,justpremium.com
3417,streamtheworld.net
3418,xgroovy.com
3419,proton.me
3420,xincache.com
3421,siteforce.com
3422,cpmstar.com
3423,c-msedge.net
3424,matillion.com
3425,runescape.wiki
3426,pardot.com
3427,dmxleo.com
3428,googleoptimize.com
3429,smn.gob.ar
3430,skyeng.link
3431,cloudappsecurity.com
3432,exacttarget.com
3433,9gag.com
3434,webrootanywhere.com
3435,dns.pt
3436,hosteurope.de
3437,mojang.com
3438,boltdns.net
3439,channel4.com
3440,myanimelist.net
3441,sproutsocial.com
3442,secu100.net
3443,piratbit.fun
3444,imageshack.com
3445,sportbox.ru
3446,mcgill.ca
3447,shopifycloud.com
3448,stabletransit.com
3449,wan02.com
3450,snopes.com
3451,tsinghua.edu.cn
3452,tacdn.com
3453,openldap.org
3454,runescape.com
3455,pghub.io
3456,tvpixel.com
3457,bankrate.com
3458,sozcu.com.tr
3459,tanium.com
3460,redbull.com
3461,tomsguide.com
3462,lilithgame.com
3463,powerapps.com
3464,thenextweb.com
3465,gm.com
3466,lycos.com
3467,media6degrees.com
3468,netsuite.com
3469,wp.me
3470,bahn.de
3471,nordstrom.com
3472,ebayimg.com
3473,tunein.com
3474,fema.gov
3475,news24.com
3476,ihc.ru
3477,owneriq.net
3478,ovh.com
3479,nielsen.com
3480,blismedia.com
3481,sinoptik.ua
3482,h264.io
3483,insightexpressai.com
3484,tinder.com
3485,nos.nl
3486,legacy.com
3487,faa.gov
3488,coindesk.com
3489,hereapi.com
3490,tutu.ru
3491,amazon.eg
3492,wireshark.org
3493,blueapron.com
3494,sbcglobal.net
3495,zscloud.net
3496,mercurynews.com
3497,spglobal.com
3498,jwplatform.com
3499,hybrid.ai
3500,huffingtonpost.co.uk
3501,securityfocus.com
3502,simplyhired-staging.com
3503,avg.com
3504,lgtviot.com
3505,americanas.com.br
3506,volusion.com
3507,sina.com
3508,uiowa.edu
3509,al-array.com
3510,images-amazon.com
3511,epam.com
3512,unsw.edu.au
3513,ucloud.cn
3514,pushnami.com
3515,icio.us
3516,t13.io
3517,6sc.co
3518,xhtree.com
3519,mercari.com
3520,att-idns.net
3521,shopee.vn
3522,rochester.edu
3523,google.rs
3524,zapier.com
3525,ucoz.net
3526,morningstar.com
3527,picsart.com
3528,ventraip.net.au
3529,google.com.bd
3530,xkcd.com
3531,qlogo.cn
3532,sinaimg.cn
3533,drugs.com
3534,contentsquare.com
3535,verywellhealth.com
3536,ulta.com
3537,hath.network
3538,hiaiabc.com
3539,news.cn
3540,vatican.va
3541,redcross.org
3542,independent.ie
3543,canonet.ne.jp
3544,dominos.com
3545,ultradns.net
3546,surbl.org
3547,paddypower.com
3548,ardmediathek.de
3549,etherscan.io
3550,self.com
3551,braze.eu
3552,kolesa.kz
3553,statsigapi.net
3554,pcgamer.com
3555,galaxydata.ru
3556,atlasobscura.com
3557,afp.ai
3558,sportradarserving.com
3559,nianticlabs.com
3560,michaels.com
3561,wurl.com
3562,study.com
3563,studentaid.gov
3564,zebra.com
3565,thejeu.com
3566,bustle.com
3567,zuimeitianqi.com
3568,huggingface.co
3569,oath.com
3570,nessus.org
3571,victoriassecret.com
3572,metmuseum.org
3573,man7.org
3574,prestashop.com
3575,charter.com
3576,ew.com
3577,actionverb.com
3578,vapp-servers.com
3579,ap.org
3580,lse.ac.uk
3581,ksyna.net
3582,depositphotos.com
3583,fortnitetracker.com
3584,samsungrs.com
3585,oxfordjournals.org
3586,orf.at
3587,bgdns.net
3588,moovitapp.com
3589,tfl.gov.uk
3590,businessweek.com
3591,mac.com
3592,ubereats.com
3593,bitrix.info
3594,oraclecloud.net
3595,wcdnga.com
3596,secshow.net
3597,hbomax.com
3598,tagesspiegel.de
3599,outbrain.org
3600,umass.edu
3601,betcity.ru
3602,lua.org
3603,liberation.fr
3604,arduino.cc
3605,colorlib.com
3606,opensea.io
3607,kaltura.com
3608,profi.ru
3609,js7k.com
3610,merchantlink.com
3611,edx.org
3612,infogram.com
3613,backblaze.com
3614,spinf.ru
3615,aljazeera.net
3616,gba.gob.ar
3617,paypalobjects.com
3618,indiatoday.in
3619,gimp.org
3620,spreaker.com
3621,eloqua.com
3622,barracuda.com
3623,traveloka.com
3624,hubapi.com
3625,telstra.com
3626,vercel.app
3627,meganameservers.eu
3628,inss.gov.br
3629,wikisource.org
3630,aylanetworks.com
3631,asriran.com
3632,panorama9.com
3633,uberinternal.com
3634,scarabresearch.com
3635,vivox.com
3636,rusprofile.ru
3637,google.kz
3638,tnt-ea.com
3639,wayport.net
3640,mobilegamestats.com
3641,brown.edu
3642,teslamotors.com
3643,extremereach.io
3644,bloomingdalesoutlets.com
3645,icc-cricket.com
3646,phpbb.com
3647,indazn.com
3648,xhamsterlive.com
3649,ultimate-guitar.com
3650,lin.ee
3651,goojara.to
3652,yomiuri.co.jp
3653,ladsp.com
3654,oregonstate.edu
3655,brandmetrics.com
3656,perl.com
3657,findlaw.com
3658,safeway.com
3659,nielsendigital.net
3660,ourworldindata.org
3661,google.by
3662,dickssportinggoods.com
3663,flightaware.com
3664,poshmark.com
3665,slatic.net
3666,romarg.com
3667,bartarinha.ir
3668,tvtropes.org
3669,itunes.com
3670,pinterest.de
3671,popularmechanics.com
3672,coupahost.com
3673,schoology.com
3674,softether-network.net
3675,bell-labs.com
3676,bt.net
3677,news18.com
3678,vzbi.com
3679,blackberry.com
3680,libero.it
3681,experian.com
3682,ansa.it
3683,qvdt3feo.com
3684,adthrive.com
3685,unep.org
3686,polygon.com
3687,zenon.net
3688,run.app
3689,lgsmartad.com
3690,docusign.com
3691,mvideo.ru
3692,uscourts.gov
3693,buzzsprout.com
3694,corpinter.net
3695,xxx18.uno
3696,af.mil
3697,amnesty.org
3698,unam.mx
3699,revenuecat.com
3700,spamcop.net
3701,skole.hr
3702,metoffice.gov.uk
3703,azure-dns.info
3704,adweek.com
3705,realestate.com.au
3706,knowbe4.com
3707,skysports.com
3708,ruangguru.com
3709,narvar.com
3710,gravitational.io
3711,infomaniak.ch
3712,nbc.com
3713,sprig.com
3714,prreqcroab.icu
3715,aol.co.uk
3716,tiktokcdn-eu.net
3717,adzerk.net
3718,rudderstack.com
3719,gazprombank.ru
3720,spotxchange.com
3721,garant.ru
3722,trafficjunky.com
3723,custhelp.com
3724,samsungpositioning.com
3725,google.lv
3726,adhigh.net
3727,mmstat.com
3728,usf.edu
3729,answers.com
3730,wsu.edu
3731,vzmessages.com
3732,braintree-api.com
3733,lxdns.com
3734,konami.net
3735,adobejanus.com
3736,likee.com
3737,chewy.com
3738,mindbodyonline.com
3739,clinicaltrials.gov
3740,yp.to
3741,google.si
3742,shopee.ph
3743,defense.gov
3744,nic.io
3745,perimeterx.net
3746,rte.ie
3747,ucsf.edu
3748,browsiprod.com
3749,parastorage.com
3750,westernunion.com
3751,pangle-ads.com
3752,mobilefuse.com
3753,loopia.se
3754,gs.com
3755,usabilla.com
3756,parkingcrew.net
3757,tomshardware.com
3758,www.gob.mx
3759,note.com
3760,aeroflot.ru
3761,playtika.com
3762,adtilt.com
3763,churchofjesuschrist.org
3764,trkn.us
3765,replit.com
3766,tdatamaster.com
3767,theregister.co.uk
3768,trulia.com
3769,rsc.org
3770,dallasnews.com
3771,sbv.gov.vn
3772,braze-images.com
3773,virginia.gov
3774,udel.edu
3775,honey.io
3776,opentable.com
3777,ndr.de
3778,tf1.fr
3779,serverbid.com
3780,mynavi.jp
3781,51.la
3782,google.co.cr
3783,archdaily.com
3784,bstatic.com
3785,ripe.net
3786,thespruce.com
3787,pa.gov
3788,zillowstatic.com
3789,cloudhub.io
3790,samsara.com
3791,sss.gov.ph
3792,easports.com
3793,kroger.com
3794,thekitchn.com
3795,hlebo.mobi
3796,gamesradar.com
3797,ahcdn.com
3798,google.com.ec
3799,rst.ua
3800,hindawi.com
3801,wa.link
3802,straitstimes.com
3803,brainly.lat
3804,planfix.com
3805,dmca.com
3806,lura.live
3807,script.ac
3808,wonporn.com
3809,s2517.com
3810,dto.to
3811,ahrefs.com
3812,uscis.gov
3813,miamiherald.com
3814,pch.com
3815,everydayhealth.com
3816,xgx.mobi
3817,uga.edu
3818,barrons.com
3819,healthcare.gov
3820,howtogeek.com
3821,google.com.do
3822,gigya.com
3823,wd2go.com
3824,gq.com
3825,aliexpress.ru
3826,wikibooks.org
3827,akahost.net
3828,logmein.com
3829,brainly.com.br
3830,bbcgoodfood.com
3831,flashscore.com.br
3832,docusign.net
3833,sexalarabi.com
3834,vrt.be
3835,spectrum.net
3836,japantimes.co.jp
3837,awin1.com
3838,zatca.gov.sa
3839,google.ee
3840,colaboraread.com.br
3841,thousandeyes.com
3842,sway.com
3843,worldometers.info
3844,betfair.com
3845,cableone.net
3846,on.net
3847,phimxxxhay.com
3848,pypi.org
3849,v0cdn.net
3850,uidapi.com
3851,dnsv.jp
3852,service-public.fr
3853,ti.com
3854,gekso.xyz
3855,ghostery.net
3856,cdnwidget.com
3857,ml.com
3858,azurerms.com
3859,google.ba
3860,gcloudcs.com
3861,dotmetrics.net
3862,iastate.edu
3863,in.gov.br
3864,crazygames.com
3865,wanadoo.fr
3866,olxmenit.com
3867,meetme.com
3868,unhcr.org
3869,unfccc.int
3870,reolink.com
3871,pbskids.org
3872,logitech.io
3873,sape.ru
3874,goodrx.com
3875,hto.to
3876,hotindianporn.mobi
3877,showvid.ws
3878,japanpost.jp
3879,nag.ru
3880,ciscospark.com
3881,shopee.tw
3882,uwaterloo.ca
3883,celtra.com
3884,indianpornvideos.me
3885,familysearch.org
3886,dome9.com
3887,gopro.com
3888,google.com.gt
3889,eatingwell.com
3890,leetcode.com
3891,hostinger.com
3892,myfitnesspal.com
3893,raspberrypi.org
3894,justia.com
3895,tesco.com
3896,shopifycdn.com
3897,shopee.com.my
3898,dnacdn.net
3899,librefutboltv.com
3900,shinigami.sh
3901,medtronic.com
3902,xnxx.press
3903,flashscore.co
3904,wired.co.uk
3905,promiedos.com.ar
3906,washingtontimes.com
3907,siteground.us
3908,gwu.edu
3909,google.com.uy
3910,worldcat.org
3911,reverbnation.com
3912,xszj.org
3913,liveinternet.ru
3914,dpbosss.com
3915,s-microsoft.com
3916,flipsnack.com
3917,dzexams.com
3918,leroymerlin.com
3919,reference.com
3920,google.co.uz
3921,inscloudgate.net
3922,vivintsky.com
3923,bitrix24.com
3924,glulive.com
3925,indianbfvideos.com
3926,govdelivery.com
3927,macrumors.com
3928,fulldesisex.com
3929,federalregister.gov
3930,xiti.com
3931,queniuiq.com
3932,rttv.ru
3933,1984.is
3934,vi-serve.com
3935,bollyflix.foo
3936,priceline.com
3937,g-xyz.xyz
3938,dmm.com
3939,expressapisv2.net
3940,lunalabs.io
3941,theepochtimes.com
3942,wzrkt.com
3943,slickstream.com
3944,glip.com
3945,google.lk
3946,business-standard.com
3947,chip.de
3948,fazenda.gov.br
3949,inta.gob.ar
3950,shorturl.at
3951,wallpapers.com
3952,mktoresp.com
3953,nj.com
3954,bcg.com
3955,xxxbfvideos.com
3956,prosv.ru
3957,lpsnmedia.net
3958,cnn.io
3959,bb.com.br
3960,fsu.edu
3961,ngs.ru
3962,pub.network
3963,mobileiron.com
3964,easyjet.com
3965,vseinstrumenti.ru
3966,google.ge
3967,google.com.pr
3968,hiyaapi.com
3969,cust-service.com
3970,cms.gov
3971,politico.eu
3972,warnermediacdn.com
3973,google.com.np
3974,peatix.com
3975,acer.com
3976,cengage.com
3977,visualwebsiteoptimizer.com
3978,iea.org
3979,u-tokyo.ac.jp
3980,google.co.ma
3981,theknot.com
3982,youngjoygame.com
3983,google.jo
3984,omniroot.com
3985,google.az
3986,teacherspayteachers.com
3987,google.iq
3988,envato.com
3989,hubpages.com
3990,tailscale.com
3991,mxpnl.com
3992,the-sun.com
3993,homestead.com
3994,google.com.ng
3995,hbs.edu
3996,mediawiki.org
3997,ziprecruiter.com
3998,gaijin.net
3999,atl-paas.net
4000,blogspot.de
4001,paytm.com
4002,google.com.sv
4003,mheducation.com
4004,ko-fi.com
4005,sony.tv
4006,eagleeyenetworks.com
4007,proquest.com
4008,snapcraft.io
4009,google.dz
4010,marketo.com
4011,jampp.com
4012,bcelive.com
4013,collinsdictionary.com
4014,7tv.app
4015,es.io
4016,similarweb.com
4017,cpanel.com
4018,techlab-cdn.com
4019,google.com.py
4020,wandera.com
4021,mediaset.it
4022,qualcomm.com
4023,federalreserve.gov
4024,douyin.com
4025,bingapis.com
4026,google.com.bo
4027,ring.net
4028,mycybercns.com
4029,eurodns.com
4030,supapush.net
4031,gotomeeting.com
4032,derstandard.at
4033,iiko.it
4034,cwi.nl
4035,foreignpolicy.com
4036,microsoftstream.com
4037,techsmith.com
4038,squid-cache.org
4039,retargetly.com
4040,colostate.edu
4041,edna.ru
4042,mainichi.jp
4043,srmdata-us.com
4044,abb.com
4045,matomo.org
4046,w.org
4047,aif.ru
4048,swannsecurity.com
4049,clmbtech.com
4050,aj2396.online
4051,lgthinq.com
4052,google.co.ke
4053,samsungads.com
4054,1rj.ru
4055,hoyolab.com
4056,senderscore.com
4057,envato.market
4058,aviasales.com
4059,boeing.com
4060,defybrick.com
4061,web.app
4062,uninet.net.mx
4063,brinkpos.net
4064,td.com
4065,skwstat.ru
4066,saasexch.com
4067,startribune.com
4068,rtl.de
4069,bcebos.com
4070,popsci.com
4071,techrepublic.com
4072,pinterest.fr
4073,southernliving.com
4074,google.am
4075,batch.com
4076,8x8.com
4077,customer.io
4078,akbars.ru
4079,alarabiya.net
4080,google.mn
4081,bldrdoc.gov
4082,zerocdn.com
4083,banki.ru
4084,google.lu
4085,microsoftpersonalcontent.com
4086,stockx.com
4087,poe.com
4088,shopee.co.th
4089,zalan.do
4090,iu.edu
4091,blogspot.ca
4092,queniubg.com
4093,appnexusgslb.net
4094,index.hu
4095,nocookie.net
4096,nalog.ru
4097,google.is
4098,aaa.com
4099,mercedes-benz.com
4100,mojohost.com
4101,chosun.com
4102,egais.ru
4103,iq.com
4104,emojipedia.org
4105,aftonbladet.se
4106,denverpost.com
4107,geico.com
4108,transsion-os.com
4109,macomnet.ru
4110,lnk.to
4111,penguinrandomhouse.com
4112,sbixby.com
4113,eater.com
4114,cookieyes.com
4115,ipv4only.arpa
4116,sng.link
4117,walletconnect.com
4118,openoffice.org
4119,tinypic.com
4120,thestar.com.my
4121,google.ci
4122,tradedoubler.com
4123,boutell.com
4124,schwab.tech
4125,hotornot.com
4126,newsbreak.com
4127,google.com.kh
4128,google.as
4129,gene.com
4130,tildacdn.com
4131,pepepush.net
4132,nifty.com
4133,adfox.ru
4134,surriel.com
4135,realme.com
4136,shortcommunicativeinterconnectedness.space
4137,anu.edu.au
4138,porkbun.com
4139,google.cat
4140,vm.co.mz
4141,boutell.co.uk
4142,kwaicdn.com
4143,google.com.lb
4144,siemens.de
4145,ebay.com.au
4146,tappx.com
4147,tile-api.com
4148,fraunhofer.de
4149,dxc.com
4150,womenshealthmag.com
4151,google.cm
4152,dns.br
4153,ualberta.ca
4154,beyondtrustcloud.com
4155,lyft.net
4156,selectel.ru
4157,monday.com
4158,ct.gov
4159,osano.com
4160,cafe24.com
4161,google.ad
4162,google.hn
4163,purl.org
4164,google.md
4165,google.co.mz
4166,clicktripz.com
4167,wetteronline.de
4168,kaiserpermanente.org
4169,fujitsu.com
4170,mk.ru
4171,sjtu.edu.cn
4172,svt.se
4173,google.cf
4174,apple.co
4175,google.tn
4176,google.bs
4177,digicertdns.com
4178,immobilienscout24.de
4179,cargurus.com
4180,biglobe.ne.jp
4181,nationalarchives.gov.uk
4182,google.com.jm
4183,google.com.cu
4184,google.com.pa
4185,omnatuor.com
4186,searchengineland.com
4187,20minutes.fr
4188,bentley.com
4189,queniusy.com
4190,metlife.com
4191,wampserver.com
4192,trellix.com
4193,webvisor.com
4194,google.com.ag
4195,cldin.eu
4196,mediarithmics.com
4197,google.kg
4198,samokat.ru
4199,parade.com
4200,google.com.om
4201,meituan.net
4202,ge.com
4203,farfetch.com
4204,mulesoft.com
4205,control4.com
4206,byu.edu
4207,komoot.de
4208,nrk.no
4209,google.com.mt
4210,google.com.ni
4211,google.gg
4212,eeroup.com
4213,zlib.net
4214,popsugar.com
4215,semrush.net
4216,tmweb.ru
4217,cyberark.com
4218,nvidiagrid.net
4219,google.bi
4220,google.com.kw
4221,google.com.mm
4222,google.com.qa
4223,k8s.io
4224,premierleague.com
4225,google.com.gi
4226,snapfish.com
4227,scoop.it
4228,mo.gov
4229,made-in-china.com
4230,sentry-cdn.com
4231,tns-counter.ru
4232,drudgereport.com
4233,snssdk.com
4234,google.com.ly
4235,revjet.com
4236,campaign-archive.com
4237,bluecore.com
4238,azure-dns.org
4239,softpedia.com
4240,bigthink.com
4241,google.co.bw
4242,thunderbird.net
4243,routledge.com
4244,terabox.com
4245,google.dm
4246,google.com.bh
4247,ueiwsp.com
4248,google.com.gh
4249,aralego.com
4250,lululemon.com
4251,google.com.et
4252,google.ps
4253,cars.com
4254,theathletic.com
4255,dfcloud.ru
4256,websupport.sk
4257,smallpdf.com
4258,1e100.net
4259,mysterium.network
4260,rediff.com
4261,google.cg
4262,theiconic.com.au
4263,verisign.net
4264,ingka.com
4265,live-voip.com
4266,skynet.be
4267,gitbook.io
4268,jivosite.com
4269,csmonitor.com
4270,postman.com
4271,google.com.bz
4272,hdslb.com
4273,myteksi.net
4274,google.cd
4275,bumlam.com
4276,google.mu
4277,opera-api.com
4278,google.com.ai
4279,google.co.zm
4280,google.co.ug
4281,salesforce-dns.com
4282,google.com.bn
4283,ltmsphrcl.net
4284,kinescopecdn.net
4285,hscollectedforms.net
4286,wswebpic.com
4287,mywot.com
4288,gpo.gov
4289,sydney.edu.au
4290,looker.com
4291,rfi.fr
4292,glassboxdigital.io
4293,icicibank.com
4294,google.us
4295,midasplayer.cloud
4296,gazeta.pl
4297,google.com.na
4298,google.sc
4299,google.co.tz
4300,buffer.com
4301,particlenews.com
4302,ebay.ca
4303,userreport.com
4304,google.co.ck
4305,marksandspencer.com
4306,xg4ken.com
4307,sina.cn
4308,litres.ru
4309,makeuseof.com
4310,bongacams.com
4311,citizenmall.com.cn
4312,elespanol.com
4313,bouncex.net
4314,game-mode.net
4315,list-manage1.com
4316,google.fm
4317,pinterest.es
4318,google.sn
4319,etoote.com
4320,icloud.com.cn
4321,google.tk
4322,fastlydns.net
4323,uefa.com
4324,mediawallahscript.com
4325,lesta.ru
4326,ibtimes.com
4327,google.bf
4328,google.co.ao
4329,trvdp.com
4330,elconfidencial.com
4331,google.bj
4332,hihonor.com
4333,travelandleisure.com
4334,pagesix.com
4335,cylance.com
4336,box.net
4337,google.mw
4338,lever.co
4339,stripcdn.com
4340,google.co.ls
4341,zoominfo.com
4342,clover.com
4343,amp-endpoint2.com
4344,next.co.uk
4345,grammarly.net
4346,google.so
4347,google.ml
4348,fisglobal.com
4349,google.li
4350,estadao.com.br
4351,google.ki
4352,xtracloud.net
4353,surfnet.nl
4354,google.co.zw
4355,google.cv
4356,verizonwireless.com
4357,google.com.sl
4358,fireoscaptiveportal.com
4359,google.mk
4360,google.tt
4361,doxygen.org
4362,neilpatel.com
4363,google.gl
4364,gnome.org
4365,refinery29.com
4366,r01.ru
4367,eonline.com
4368,wscdns.com
4369,crowdstrike.com
4370,google.com.cy
4371,binance.info
4372,google.ms
4373,google.com.af
4374,google.al
4375,nate.com
4376,google.mg
4377,google.ws
4378,google.rw
4379,google.je
4380,paycomonline.net
4381,fn-pz.com
4382,tru.am
4383,google.mv
4384,google.pn
4385,plala.or.jp
4386,google.nr
4387,handelsblatt.com
4388,google.co.vi
4389,google.ht
4390,delish.com
4391,shareasale.com
4392,google.la
4393,google.gm
4394,rd.com
4395,google.nu
4396,libpng.org
4397,dyn.com
4398,mintegral.com
4399,i-ready.com
4400,findagrave.com
4401,pstatic.net
4402,dns.jp
4403,google.tm
4404,google.com.vc
4405,urban-vpn.com
4406,p-n.io
4407,prtimes.jp
4408,teleparty.com
4409,lastampa.it
4410,britishairways.com
4411,google.dj
4412,google.com.sb
4413,tutorialspoint.com
4414,google.vg
4415,dbankcloud.asia
4416,arm-msedge.net
4417,fireeye.com
4418,rit.edu
4419,liveabout.com
4420,nespresso.com
4421,zappos.com
4422,google.td
4423,streamable.com
4424,google.vu
4425,google.sh
4426,survicate.com
4427,disney.co.jp
4428,svr-algorix.com
4429,pingdom.net
4430,google.sm
4431,google.com.fj
4432,google.st
4433,tclking.com
4434,dion.ne.jp
4435,google.gy
4436,rosneft.ru
4437,google.tg
4438,lahuashanbx.com
4439,iso.ch
4440,ag.gov.au
4441,listdl.com
4442,ebscohost.com
4443,propublica.org
4444,jimdosite.com
4445,skyrock.net
4446,passfixx.com
4447,sfmc-content.com
4448,eldiario.es
4449,yieldlab.net
4450,appnext.com
4451,google.gp
4452,pbase.com
4453,wbbasket.ru
4454,allawntech.com
4455,cudasvc.com
4456,treehugger.com
4457,nsf.gov
4458,dhgate.com
4459,sprinthost.ru
4460,ama-assn.org
4461,dhl.de
4462,nj.gov
4463,google.im
4464,savefrom.net
4465,lequipe.fr
4466,xlivrdr.com
4467,ec-lyon.fr
4468,brevo.com
4469,threema.ch
4470,lazada.co.id
4471,bhphotovideo.com
4472,kikakuya.ne.jp
4473,samsunghealth.com
4474,nestle.com
4475,google.to
4476,fcomet.com
4477,booth.pm
4478,bac.com
4479,icanhazip.com
4480,dwin1.com
4481,gscontxt.net
4482,lightboxcdn.com
4483,kidshealth.org
4484,justgiving.com
4485,hulustream.com
4486,warthunder.com
4487,collider.com
4488,av380.net
4489,upi.com
4490,deltadna.net
4491,memcached.org
4492,radiofrance.fr
4493,buzzfeednews.com
4494,google.me
4495,magento.com
4496,betterhelp.com
4497,sendpulse.com
4498,getgreenshot.org
4499,azcentral.com
4500,app-us1.com
4501,apnic.net
4502,google.com.tj
4503,domain.com
4504,razorpay.com
4505,olo.com
4506,justpaste.it
4507,google.ne
4508,gigaset-elements.com
4509,match.com
4510,utdallas.edu
4511,bronze.systems
4512,hud.gov
4513,lazada.com.ph
4514,alltrails.com
4515,skyscanner.net
4516,google.com.pg
4517,nus.edu.sg
4518,benzinga.com
4519,fnac.com
4520,pcre.org
4521,google.ga
4522,google.bt
4523,cnrs.fr
4524,tinkercad.com
4525,edmunds.com
4526,marinetraffic.com
4527,apptimize.com
4528,oppo.com
4529,dns-diy.net
4530,googlehosted.com
4531,sofascore.com
4532,usmagazine.com
4533,firstvds.ru
4534,sweetxladies.com
4535,honda.com
4536,heytapdownload.com
4537,google.tl
4538,pchome.com.tw
4539,kku.ac.th
4540,knowyourmeme.com
4541,caranddriver.com
4542,uq.edu.au
4543,zdnscloud.com
4544,ahajournals.org
4545,pavv.co.kr
4546,thinkwithgoogle.com
4547,kompas.com
4548,michigan.gov
4549,mass.gov
4550,the-ozone-project.com
4551,chinanetcenter.com
4552,gzip.org
4553,int08h.com
4554,doctolib.fr
4555,pg.com
4556,ais.th
4557,dotnxdomain.net
4558,tradplusad.com
4559,xboxab.com
4560,ntp-fireos.com
4561,zazzle.com
4562,stitcher.com
4563,qvc.com
4564,searchenginejournal.com
4565,ttwstatic.com
4566,chinaz.com
4567,impactradius-event.com
4568,e5.sk
4569,vulture.com
4570,hotmart.com
4571,getyourguide.com
4572,tplinkra.com
4573,prodigygame.com
4574,websense.com
4575,smashingmagazine.com
4576,yadro.ru
4577,nationalacademies.org
4578,kikakuya.com
4579,xiaoyi.com
4580,eia.gov
4581,google.org
4582,getepic.com
4583,rjxzjx.com
4584,easydns.com
4585,ksmobile.com
4586,newgrounds.com
4587,todoist.com
4588,china.com.cn
4589,roche.com
4590,hardened-php.net
4591,youdao.com
4592,ada.support
4593,cointelegraph.com
4594,convertkit.com
4595,hrzn-nxt.com
4596,tractorsupply.com
4597,in.gov
4598,rice.edu
4599,ajax.systems
4600,tide.co
4601,legislation.gov.uk
4602,shrm.org
4603,nationalpost.com
4604,nd.edu
4605,gib.gov.tr
4606,feednews.com
4607,247sports.com
4608,growthbook.io
4609,2kcoretech.online
4610,fextralife.com
4611,kremlin.ru
4612,hatenablog.com
4613,tbs.co.jp
4614,itmedia.co.jp
4615,razerzone.com
4616,pinduoduo.com
4617,proof-dns.com
4618,opensuse.org
4619,buzzoola.com
4620,lfstrm.tv
4621,imghst-de.com
4622,tencentclb.com
4623,kinghost.com.br
4624,worldtimeserver.com
4625,ucloud.com.cn
4626,britishcouncil.org
4627,teachable.com
4628,codefi.network
4629,msu.ru
4630,mariadb.org
4631,hismarttv.com
4632,rima-tde.net
4633,haaretz.com
4634,dr.dk
4635,kick.com
4636,alfabank.ru
4637,hubspotemail.net
4638,gtei.net
4639,vedsalb.com
4640,europapress.es
4641,dbankcdn.ru
4642,google.com.nf
4643,line-scdn.net
4644,pathe.nl
4645,exitgames.com
4646,sketchup.com
4647,pokemon.com
4648,reasonsecurity.com
4649,boingboing.net
4650,blueconic.net
4651,onefootball.com
4652,wasabisys.com
4653,pro-market.net
4654,dcloudstc.com
4655,nuance.com
4656,msdn.com
4657,fox.com
4658,fitanalytics.com
4659,apachelounge.com
4660,mmc.com
4661,buffalo.edu
4662,blackrock.com
4663,mailerlite.com
4664,home.blog
4665,shopee.io
4666,ukyuh.tech
4667,hubspotusercontent-na1.net
4668,douyinpic.com
4669,usp.br
4670,bidtheatre.com
4671,vizio.com
4672,larkplayerapp.com
4673,onlamp.com
4674,mtv.com
4675,valve.net
4676,sytes.net
4677,infomaniak.com
4678,monetate.net
4679,klclick.com
4680,xmlsoft.org
4681,aliexpress.us
4682,eac-front.com
4683,wizzair.com
4684,datastax.com
4685,distmed.com
4686,google.sr
4687,ehow.com
4688,inquirer.com
4689,thecut.com
4690,elster.de
4691,qq.com.cn
4692,diigo.com
4693,pragmaticplaylive.net
4694,spectraguard.net
4695,amtrak.com
4696,zscaler.com
4697,domaintools.com
4698,ukr.net
4699,syncthing.net
4700,foodandwine.com
4701,nsimg.net
4702,4.cn
4703,freetype.org
4704,uservoice.com
4705,boardgamegeek.com
4706,rome2rio.com
4707,volvocars.com
4708,ingage.tech
4709,youboranqs01.com
4710,coreservers.uk
4711,br.de
4712,sjv.io
4713,zohopublic.com
4714,ihrhls.com
4715,1cv8update.com
4716,pb.com
4717,telecomsvc.com
4718,au.com
4719,cpx.to
4720,amurobl.ru
4721,bytelb.com
4722,eclipse.org
4723,merchant-center-analytics.goog
4724,youversionapi.com
4725,harborfreight.com
4726,cnil.fr
4727,ksu.edu.sa
4728,newsroom.bi
4729,www.gov.pl
4730,ondemand.com
4731,kingsgroupgames.com
4732,tiktokv.eu
4733,mlstatic.com
4734,keenetic.pro
4735,zee5.com
4736,vds-shop.com
4737,lyft.com
4738,freep.com
4739,kustomerapp.com
4740,mlive.com
4741,kia.com
4742,globalsign.net
4743,bangcdn.net
4744,insiderintelligence.com
4745,bizport.cn
4746,mca.gov.in
4747,mobiuspace.net
4748,razer.com
4749,apple-dns.cn
4750,op.gg
4751,sfr.fr
4752,bdstatic.com
4753,stspg-customer.com
4754,sunista.info
4755,tcdnlive.com
4756,withbuddies.com
4757,planethoster.net
4758,weathercn.com
4759,dartmouth.edu
4760,sndcdn.com
4761,yandex.by
4762,hpeprint.com
4763,samsungmax.com
4764,pushpong.net
4765,lalapush.com
4766,johnlewis.com
4767,galepush.net
4768,elperiodico.com
4769,kas-labs.com
4770,sundaysky.com
4771,hetzner.com
4772,otzovik.com
4773,audioeye.com
4774,codmwest.com
4775,eastmoney.com
4776,samsungotn.net
4777,e-recht24.de
4778,webdav.org
4779,netlify.com
4780,moma.org
4781,nflximg.net
4782,filesusr.com
4783,dior.com
4784,monster.com
4785,paylocity.com
4786,amp-endpoint3.com
4787,directnic.com
4788,efscloud.net
4789,blick.ch
4790,sgmbocast.com
4791,runnet.ru
4792,enlightenment.org
4793,buienradar.nl
4794,emirates.com
4795,myworkday.com
4796,kunlungr.com
4797,nbcuni.com
4798,rapepush.net
4799,canadiantire.ca
4800,domru.ru
4801,wise.com
4802,got-to-be.net
4803,tn.gov
4804,centurylink.net
4805,xhscdn.com
4806,pearson.com
4807,copart.com
4808,eufylife.com
4809,vnn.vn
4810,getui.com
4811,northgrum.com
4812,linkr.bio
4813,coca-cola.com
4814,walmart.ca
4815,tiny.cc
4816,hyundai.com
4817,seek.com.au
4818,elastic-cloud.com
4819,lexisnexis.com
4820,cdn-tinkoff.ru
4821,tcgplayer.com
4822,adskeeper.com
4823,myqnapcloud.io
4824,saksfifthavenue.com
4825,ghostery.com
4826,alibabausercontent.com
4827,fastcgi.com
4828,yandex-team.ru
4829,pangle-b.io
4830,vonage.com
4831,superawesome.tv
4832,chrome.com
4833,swarovski.com
4834,desync.com
4835,coogoanu.net
4836,gmu.edu
4837,nber.org
4838,guardingvision.com
4839,farpost.ru
4840,freshworks.com
4841,northwesternmutual.com
4842,amung.us
4843,wsimg.com
4844,faceueditor.com
4845,f5silverline.com
4846,thescore.com
4847,cdn.house
4848,scholastic.com
4849,jedox.com
4850,boots.com
4851,officedepot.com
4852,interfax.ru
4853,pg-nmga.com
4854,blogspot.com.es
4855,desmos.com
4856,ecobee.com
4857,acast.com
4858,mentalfloss.com
4859,samsung-gamelauncher.com
4860,sharechat.com
4861,tradingeconomics.com
4862,matchtv.ru
4863,reclameaqui.com.br
4864,dyndns.com
4865,poste.it
4866,modsecurity.org
4867,securly.com
4868,theage.com.au
4869,sky.it
4870,rsasecurity.com
4871,formstack.com
4872,infobip.com
4873,video-voip.com
4874,dnaindia.com
4875,eluniversal.com.mx
4876,illusionblack.com
4877,mxplay.com
4878,cbs.com
4879,psychcentral.com
4880,ecombdapi.com
4881,uh.edu
4882,aliapp.org
4883,suntimes.com
4884,pp.ua
4885,marthastewart.com
4886,appdynamics.com
4887,webengage.com
4888,aruba.it
4889,ubs.com
4890,justwatch.com
4891,codecademy.com
4892,pxf.io
4893,srf.ch
4894,ximalaya.com
4895,ohio.gov
4896,postimg.cc
4897,cikrf.ru
4898,mihanwebhost.com
4899,uic.edu
4900,merit.net
4901,navyfederal.org
4902,mobilityware.com
4903,gazeta.ru
4904,sas.com
4905,dazn.com
4906,samhsa.gov
4907,zohocdn.com
4908,dmh.go.th
4909,ucsc.edu
4910,nic.cz
4911,dc-msedge.net
4912,kotaku.com
4913,kayak.com
4914,disney-plus.net
4915,lufthansa.com
4916,counterpane.com
4917,rtmark.net
4918,1tv.ru
4919,cloudtrax.com
4920,c212.net
4921,rentalcars.com
4922,zerohedge.com
4923,skypeassets.com
4924,blockdh100c.co
4925,eltiempo.com
4926,gboxlab.com
4927,blockdh100b.net
4928,imperial.ac.uk
4929,discover.com
4930,goto.com
4931,tango.me
4932,ajc.com
4933,cntraveler.com
4934,we.tl
4935,hostia.name
4936,glbimg.com
4937,greenhouse.io
4938,megaphone.fm
4939,sleepycat.com
4940,royalsocietypublishing.org
4941,therealreal.com
4942,dealertrack.com
4943,value-domain.com
4944,bradesco.com.br
4945,groupme.com
4946,easyanticheat.net
4947,segmento.ru
4948,newsmax.com
4949,oregonlive.com
4950,f2pool.com
4951,host-food.ru
4952,sliide.cloud
4953,apartments.com
4954,dtscout.com
4955,channelnewsasia.com
4956,carnival.com
4957,powerplatform.com
4958,mangadex.org
4959,netdna-ssl.com
4960,boldchat.com
4961,wondershare.com
4962,verkada-lan.com
4963,myq-cloud.com
4964,ucaasnetwork.com
4965,mango-office.ru
4966,manyvids.com
4967,petsmart.com
4968,scn-net.ne.jp
4969,nhtsa.gov
4970,athemes.com
4971,hola.org
4972,serverwatch.com
4973,transip.nl
4974,cardsmobile.ru
4975,douyinvod.com
4976,powerschool.com
4977,exodus.io
4978,helium.io
4979,jagnoans.com
4980,pandora.net
4981,overdrive.com
4982,sandiegouniontribune.com
4983,queniusz.com
4984,systemdns.com
4985,amazon.nl
4986,shop.app
4987,hsn.com
4988,webtoons.com
4989,bhg.com
4990,bible.com
4991,mastodon.social
4992,quip.com
4993,yr.no
4994,ijg.org
4995,twnic.net.tw
4996,telecomitalia.it
4997,castbox.fm
4998,arte.tv
4999,dailyinnovation.biz
5000,digbearings.com
