496,webmd.com
509,loc.gov
1970,siemens.com
2743,discovery.com
2881,unimelb.edu.au
3707,skysports.com
3768,trulia.com
4023,federalreserve.gov
4144,siemens.de
4535,honda.com
4726,cnil.fr
5402,long.tv
6072,pfizer.com
6491,landsend.com
6808,cc.com
7822,mtvuutiset.fi
8234,yuanshen.com
8320,reshak.ru
8646,gosexpod.com
10485,commbank.com.au
10499,micron.com
10627,iamcook.ru
11914,oneamerica.com
12734,xumo.com
13268,odu.edu
13430,charitynavigator.org
13882,k12.com
14138,gls-group.eu
14196,myexternalip.com
14227,lanebryant.com
14769,econsultancy.com
16157,elektra.mx
16984,deutschepost.de
17401,cargosmart.com
18055,circle.com
18101,travelchannel.com
18664,viamichelin.com
19475,guru99.com
19622,sodapdf.com
22899,honda.com.br
27012,dolby.com
30586,mountvernon.org
44174,rosuchebnik.ru
68555,honda.com.vn
81064,honda.com.tr
85795,honda.com.co
90579,igetget.com
104920,bokee.com
112013,siemens.com.sg
115589,pavlovmedia.com
135003,viamichelin.co.uk
160895,domsporta.com
165540,factroom.ru
172829,siemens.com.cn
200572,honda.com.au
296550,pfizer.com.br
309359,odu.edu.tr
324306,honda.com.my
477105,k12.com.cn
499024,honda.com.pe
579933,honda.com.ar
730356,honda.com.np
746323,honda.com.cn
764584,micron.com.br
769902,honda.com.gt
821237,honda.com.ec
